timestamp,elapsed_sec,qw,qx,qy,qz,roll_rad,pitch_rad,yaw_rad,rot_x_rad_s,rot_y_rad_s,rot_z_rad_s,user_accel_x,user_accel_y,user_accel_z,gravity_x,gravity_y,gravity_z
1791322157.4267,0.0436,0.322141,-0.916214,-0.050091,0.232954,2.61828,-0.66066,3.06769,2.37636,1.96517,3.31340,0.02353,-0.06073,-0.07538,0.39460,0.61364,0.68392
1791322157.4274,0.0444,0.332060,-0.916067,-0.000940,0.224850,2.59651,-0.65455,2.95444,4.27521,2.20175,4.57672,0.10916,-0.22829,-0.03236,0.41133,0.60880,0.67836
1791322157.4275,0.0445,0.341122,-0.913556,0.048214,0.216165,2.57586,-0.64653,2.84200,6.17407,2.43833,5.84004,0.19500,-0.39431,0.00963,0.42785,0.60242,0.67382
1791322157.4276,0.0446,0.349304,-0.908688,0.097243,0.206923,2.55659,-0.63673,2.73053,8.07292,2.67491,7.10336,0.28122,-0.55886,0.05057,0.44399,0.59457,0.67034
1791322157.4277,0.0447,0.391414,-0.888916,0.153558,0.181778,2.52647,-0.69455,2.57054,8.26939,4.98650,3.37912,0.38740,-0.08167,0.00157,0.44338,0.64004,0.62750
1791322157.4524,0.0694,0.422361,-0.873523,0.197569,0.139768,2.54413,-0.75139,2.45499,4.33536,3.50660,3.27986,-0.06627,-0.03316,-0.15020,0.41107,0.68266,0.60415
1791322157.4750,0.0919,0.436780,-0.860477,0.236427,0.113598,2.54553,-0.77255,2.35672,2.80376,3.01649,2.77811,0.00423,-0.03439,-0.03554,0.40203,0.69796,0.59264
1791322157.4832,0.1002,0.446489,-0.847758,0.271902,0.089576,2.54827,-0.78711,2.26836,2.60305,3.46798,2.29670,-0.02469,0.01036,0.02137,0.39468,0.70832,0.58525
1791322157.5235,0.1405,0.452081,-0.834065,0.310044,0.061889,2.56013,-0.79770,2.17892,2.07487,3.70987,3.26969,-0.09009,0.03079,-0.03862,0.38357,0.71575,0.58358
1791322157.5242,0.1411,0.450738,-0.815995,0.359425,0.042440,2.55371,-0.78255,2.06331,1.88351,3.92556,4.65244,-0.07574,0.07510,0.00568,0.39327,0.70509,0.59007
1791322157.5552,0.1722,0.455021,-0.787137,0.416078,0.015831,2.53803,-0.77982,1.91460,3.60266,5.08605,4.68310,0.02588,0.12104,0.00438,0.40357,0.70315,0.58541
1791322157.6076,0.2246,0.460807,-0.748253,0.476757,-0.021818,2.52542,-0.79007,1.74317,3.14617,5.36255,4.58661,0.07431,0.03366,-0.05052,0.40674,0.71040,0.57436
1791322157.6084,0.2254,0.464402,-0.704666,0.533121,-0.059652,2.50966,-0.80107,1.57112,3.78681,5.50099,3.89567,0.12066,-0.05642,-0.02563,0.41110,0.71810,0.56155
1791322157.6096,0.2266,0.464232,-0.663356,0.578629,-0.098169,2.50427,-0.81760,1.42311,3.27682,5.08863,3.38889,0.06329,-0.00551,-0.06507,0.40699,0.72951,0.54970
1791322157.6228,0.2398,0.458142,-0.621053,0.621109,-0.136464,2.50713,-0.83096,1.28302,2.80432,5.10082,3.56924,-0.12564,0.04127,-0.01203,0.39961,0.73858,0.54297
1791322157.7265,0.3434,0.446491,-0.593081,0.649976,-0.162581,2.52639,-0.83449,1.19952,2.11223,3.64400,2.74096,-0.11185,0.04119,0.03662,0.38757,0.74096,0.54843
1791322157.7266,0.3436,0.433753,-0.563666,0.677260,-0.188302,2.54523,-0.83910,1.11575,1.42014,2.18717,1.91267,-0.09778,0.04040,0.08635,0.37525,0.74404,0.55280
1791322157.7266,0.3436,0.419959,-0.532880,0.702896,-0.213564,2.56353,-0.84475,1.03165,0.72805,0.73035,1.08438,-0.08355,0.03893,0.13722,0.36277,0.74780,0.55605
1791322157.7267,0.3436,0.405144,-0.500797,0.726822,-0.238307,2.58117,-0.85140,0.94713,0.03596,-0.72648,0.25609,-0.06928,0.03683,0.18924,0.35025,0.75220,0.55814
1791322157.7267,0.3437,0.418380,-0.511772,0.718749,-0.215516,2.54190,-0.83015,0.96669,-4.45093,-7.59555,-2.15741,0.10709,-0.12904,-0.00338,0.38083,0.73803,0.55702
1791322157.7429,0.3598,0.449159,-0.576613,0.667590,-0.141766,2.47661,-0.78562,1.14059,-6.02784,-12.15024,-7.50017,0.53256,-0.11300,0.30318,0.43622,0.70726,0.55632
1791322157.7679,0.3848,0.481056,-0.687561,0.541268,-0.053610,2.44222,-0.80315,1.50051,-10.40694,-17.13562,-11.31601,0.00316,-0.28673,0.12503,0.44704,0.71955,0.53142
1791322157.7826,0.3995,0.490151,-0.789404,0.368288,0.030930,2.47183,-0.84968,1.95625,-8.17719,-12.69482,-14.34699,0.18090,-0.25322,0.32526,0.40987,0.75107,0.51759
1791322157.8242,0.4412,0.481215,-0.848180,0.206391,0.080164,2.57329,-0.89983,2.38395,-4.42297,-9.31446,-9.39682,-0.51888,-0.03626,0.20736,0.33462,0.78322,0.52401
1791322157.8246,0.4416,0.463863,-0.866614,0.131226,0.128806,2.57011,-0.87911,2.56647,-4.31841,-6.41153,-2.28619,-0.21465,0.22971,-0.15277,0.34499,0.77017,0.53648
1791322157.9068,0.5238,0.459079,-0.870171,0.111394,0.140145,2.57086,-0.87529,2.61411,-3.44216,-4.70552,-1.49262,-0.20066,0.19156,-0.21174,0.34618,0.76773,0.53921
1791322157.9071,0.5241,0.454039,-0.873243,0.091499,0.151405,2.57132,-0.87145,2.66153,-2.56591,-2.99951,-0.69905,-0.18683,0.15344,-0.27061,0.34752,0.76527,0.54185
1791322157.9074,0.5244,0.448746,-0.875828,0.071554,0.162581,2.57150,-0.86760,2.70873,-1.68966,-1.29351,0.09452,-0.17315,0.11534,-0.32938,0.34901,0.76278,0.54439
1791322157.9076,0.5246,0.440621,-0.879385,0.068350,0.166921,2.57486,-0.85129,2.72393,-1.43777,-0.42312,1.21813,-0.16250,0.10874,-0.13800,0.35381,0.75213,0.55598
1791322157.9214,0.5384,0.430217,-0.882274,0.082890,0.172149,2.56003,-0.81920,2.69584,-0.60031,1.09226,2.33733,-0.23058,0.22198,-0.10986,0.37509,0.73060,0.57056
1791322158.0232,0.6402,0.423071,-0.884938,0.099982,0.167030,2.56621,-0.79717,2.66864,-0.28054,0.95888,2.07800,-0.17369,0.17602,-0.08596,0.38022,0.71538,0.58622
1791322158.0233,0.6403,0.415766,-0.887269,0.117036,0.161848,2.57309,-0.77527,2.64184,0.03922,0.82550,1.81867,-0.11597,0.13033,-0.06206,0.38452,0.69991,0.60189
1791322158.0235,0.6405,0.408304,-0.889266,0.134046,0.156604,2.58063,-0.75350,2.61539,0.35898,0.69212,1.55934,-0.05741,0.08487,-0.03813,0.38799,0.68420,0.61753
1791322158.0238,0.6407,0.400688,-0.890928,0.151006,0.151302,2.58879,-0.73189,2.58925,0.67874,0.55874,1.30001,0.00199,0.03962,-0.01415,0.39061,0.66827,0.63311
1791322158.0239,0.6409,0.399591,-0.889369,0.164415,0.149392,2.58343,-0.72301,2.56012,0.57437,0.44509,1.18675,-0.01670,0.00877,-0.03795,0.39713,0.66164,0.63602
1791322158.0427,0.6597,0.400585,-0.886925,0.177958,0.145693,2.57946,-0.71912,2.52936,0.47585,1.04511,1.17494,0.08812,0.02613,-0.12900,0.40101,0.65872,0.63661
1791322158.0686,0.6856,0.404509,-0.883756,0.190729,0.137731,2.58187,-0.72407,2.49964,0.98649,1.14395,0.47757,0.09257,0.06133,-0.17827,0.39774,0.66244,0.63481
1791322158.0802,0.6971,0.410923,-0.880267,0.200667,0.126514,2.59018,-0.73781,2.47545,1.55411,1.73788,0.16659,0.13526,-0.04494,0.27035,0.38765,0.67267,0.63027
1791322158.1824,0.7994,0.424731,-0.869333,0.228064,0.108862,2.58496,-0.75985,2.40125,1.59564,2.71787,0.97480,0.09850,-0.03530,0.20626,0.38301,0.68881,0.61551
1791322158.1825,0.7995,0.437956,-0.857206,0.255147,0.091061,2.57735,-0.78153,2.32531,1.63717,3.69785,1.78301,0.06050,-0.02508,0.14310,0.37960,0.70437,0.59981
1791322158.1845,0.8015,0.450580,-0.843903,0.281880,0.073135,2.56722,-0.80274,2.24746,1.67870,4.67783,2.59121,0.02125,-0.01419,0.08079,0.37746,0.71926,0.58326
1791322158.1846,0.8015,0.462585,-0.829442,0.308227,0.055109,2.55447,-0.82332,2.16756,1.72023,5.65782,3.39942,-0.01928,-0.00255,0.01924,0.37658,0.73340,0.56596
1791322158.1846,0.8016,0.461010,-0.812243,0.356359,0.027193,2.56522,-0.81762,2.05925,1.44682,6.00370,4.37350,-0.06878,0.03554,0.11165,0.37275,0.72952,0.57346
1791322158.2045,0.8215,0.451664,-0.785080,0.423819,-0.005206,2.57729,-0.79462,1.90948,1.77310,6.67977,5.92830,-0.03476,0.00624,0.10748,0.37467,0.71360,0.59195
1791322158.2207,0.8377,0.436738,-0.742815,0.505948,-0.038771,2.58342,-0.75882,1.71817,2.42569,7.77902,8.03732,-0.03442,-0.04808,0.07230,0.38433,0.68806,0.61551
1791322158.3273,0.9443,0.431669,-0.693777,0.572722,-0.065758,2.56400,-0.74000,1.53192,1.87596,6.46524,6.04832,0.00468,-0.05541,0.04763,0.40321,0.67429,0.61868
1791322158.3281,0.9451,0.423313,-0.639454,0.635134,-0.092243,2.54988,-0.71889,1.34950,1.32622,5.15146,4.05932,0.04612,-0.06078,0.02020,0.41975,0.65855,0.62459
1791322158.3283,0.9452,0.411732,-0.580260,0.692708,-0.118026,2.54124,-0.69624,1.17087,0.77649,3.83769,2.07033,0.09040,-0.06467,-0.00981,0.43345,0.64134,0.63309
1791322158.3283,0.9453,0.397015,-0.516646,0.745005,-0.142911,2.53804,-0.67279,0.99583,0.22675,2.52391,0.08133,0.13794,-0.06761,-0.04214,0.44389,0.62317,0.64391
1791322158.3285,0.9454,0.379099,-0.495138,0.765443,-0.158807,2.57299,-0.66687,0.94660,-0.05861,2.11658,-0.93330,0.12728,-0.05841,0.01614,0.42309,0.61853,0.66213
1791322158.3369,0.9539,0.362328,-0.490725,0.772865,-0.174889,2.62024,-0.67633,0.94437,0.34757,1.91240,-1.12575,0.04546,-0.01283,0.03180,0.38842,0.62594,0.67627
1791322158.3580,0.9749,0.347947,-0.489181,0.775951,-0.193738,2.66741,-0.69591,0.95015,0.92941,2.12291,-0.76189,0.00979,0.02879,0.03561,0.35043,0.64108,0.68280
1791322158.3778,0.9947,0.324102,-0.478025,0.790015,-0.205733,2.72106,-0.68791,0.93570,-1.10249,3.12151,0.60106,0.06866,-0.10022,-0.03855,0.31540,0.63492,0.70526
1791322158.4772,1.0941,0.299414,-0.471711,0.801995,-0.211291,2.77489,-0.67050,0.93432,-1.06386,2.92566,0.25271,0.07384,-0.05900,-0.03181,0.28092,0.62138,0.73142
1791322158.4772,1.0941,0.274478,-0.465009,0.813315,-0.216674,2.82802,-0.65318,0.93178,-1.02523,2.72981,-0.09563,0.08050,-0.01765,-0.02293,0.24496,0.60772,0.75543
1791322158.4774,1.0944,0.249316,-0.457924,0.823964,-0.221878,2.88052,-0.63599,0.92813,-0.98659,2.53396,-0.44398,0.08852,0.02377,-0.01183,0.20765,0.59398,0.77722
1791322158.4776,1.0946,0.223949,-0.450461,0.833935,-0.226900,2.93245,-0.61898,0.92342,-0.94796,2.33811,-0.79233,0.09777,0.06522,0.00156,0.16910,0.58020,0.79673
1791322158.4777,1.0947,0.195174,-0.453687,0.837994,-0.232035,2.99972,-0.60163,0.94835,-0.98130,2.74853,-1.74140,0.09469,0.27970,0.04495,0.11657,0.56598,0.81613
1791322158.5065,1.1235,0.167731,-0.458437,0.838007,-0.243814,3.07191,-0.59732,0.97970,0.55824,2.40534,-1.04982,-0.12846,0.38449,0.22834,0.05757,0.56242,0.82484
1791322158.5203,1.1372,0.156825,-0.458087,0.833379,-0.266534,3.12033,-0.62849,0.99828,2.63230,1.39298,-0.21397,-0.21050,0.33499,0.30772,0.01720,0.58793,0.80873
1791322158.6282,1.2452,0.192654,-0.436254,0.821760,-0.311894,3.08081,-0.74871,0.95220,3.61562,0.84499,0.63711,-0.25277,0.20839,0.36828,0.04450,0.68070,0.73121
1791322158.6283,1.2452,0.227720,-0.412697,0.806891,-0.356020,3.02753,-0.86717,0.89271,4.59894,0.29700,1.48820,-0.29687,0.09277,0.43974,0.07363,0.76250,0.64279
1791322158.6284,1.2454,0.261887,-0.387508,0.788834,-0.398740,2.95273,-0.98279,0.81194,5.58226,-0.25100,2.33928,-0.34234,-0.01061,0.52073,0.10414,0.83205,0.54484
1791322158.6287,1.2456,0.295018,-0.360788,0.767658,-0.439883,2.84209,-1.09349,0.69555,6.56558,-0.79899,3.19036,-0.38870,-0.10063,0.60968,0.13554,0.88824,0.43893
1791322158.6289,1.2458,0.326984,-0.332641,0.743448,-0.479287,2.66829,-1.19492,0.51613,7.54890,-1.34698,4.04144,-0.43546,-0.17640,0.70492,0.16733,0.93019,0.32673
1791322158.6373,1.2543,0.361047,-0.290807,0.714954,-0.523371,2.30564,-1.28121,0.13313,6.89857,0.45763,2.20090,0.13217,0.02808,0.37709,0.21186,0.95836,0.19146
1791322158.7792,1.3962,0.519160,-0.051842,0.324849,-0.788833,0.31521,-0.60205,-1.87885,8.43763,-3.15768,-0.71123,0.14419,-0.04402,0.30741,0.25551,0.56633,-0.78357
1791322158.8085,1.4255,0.527989,-0.033561,0.246406,-0.812025,0.23055,-0.45072,-1.93546,7.15113,-2.03224,-0.51112,0.30117,-0.03155,0.20644,0.20569,0.43562,-0.87631
1791322158.8179,1.4348,0.522267,-0.012452,0.197903,-0.829408,0.19926,-0.34829,-1.98250,5.48018,-0.97677,-0.65997,0.10720,-0.20480,0.27450,0.18606,0.34129,-0.92136
1791322158.9413,1.5582,0.518418,-0.004790,0.181300,-0.835673,0.19031,-0.31307,-2.00096,3.87185,-0.74509,-0.79871,0.10279,-0.33938,0.27718,0.17997,0.30798,-0.93421
1791322158.9413,1.5583,0.514369,0.002874,0.164628,-0.841614,0.18214,-0.27771,-2.01888,2.26351,-0.51342,-0.93744,0.09807,-0.47342,0.27856,0.17420,0.27415,-0.94578
1791322158.9414,1.5584,0.510120,0.010536,0.147891,-0.847228,0.17470,-0.24221,-2.03635,0.65518,-0.28175,-1.07617,0.09304,-0.60700,0.27864,0.16874,0.23985,-0.95603
1791322158.9416,1.5585,0.505672,0.018195,0.131097,-0.852513,0.16795,-0.20659,-2.05340,-0.95315,-0.05008,-1.21490,0.08767,-0.74015,0.27739,0.16361,0.20512,-0.96497
1791322158.9417,1.5586,0.501028,0.025846,0.114252,-0.857467,0.16186,-0.17086,-2.07009,-2.56148,0.18160,-1.35363,0.08197,-0.87295,0.27481,0.15881,0.17004,-0.97256
1791322158.9418,1.5587,0.491229,0.017402,0.134632,-0.860387,0.16686,-0.21626,-2.08588,-5.13339,0.64262,-1.69110,-0.00495,-0.97935,0.32893,0.16222,0.21457,-0.96314
1791322158.9758,1.5928,0.475563,-0.005817,0.184170,-0.860167,0.17537,-0.32823,-2.10239,-7.20365,0.62190,-2.05649,-0.08241,-0.97886,0.38823,0.16516,0.32237,-0.93210
1791322158.9758,1.5928,0.462264,-0.036232,0.250909,-0.849731,0.19309,-0.47789,-2.09795,-8.26025,0.70166,-0.23524,-0.08761,-0.87694,0.40159,0.17040,0.45991,-0.87146
1791322159.0243,1.6413,0.462839,-0.065618,0.322447,-0.823105,0.23848,-0.63299,-2.03867,-8.46303,0.38409,1.53360,0.01138,-0.85617,0.43795,0.19046,0.59156,-0.78344
1791322159.0244,1.6413,0.467697,-0.095464,0.394946,-0.784961,0.31676,-0.78855,-1.93420,-8.99614,0.31987,1.35111,0.11427,-0.87506,0.50186,0.21956,0.70933,-0.66981
1791322159.0817,1.6986,0.456868,-0.148749,0.460077,-0.746642,0.35649,-0.96657,-1.85482,-8.97920,-0.98393,0.11938,0.08936,-0.80740,0.61139,0.19826,0.82294,-0.53240
1791322159.0817,1.6987,0.442079,-0.200745,0.521221,-0.701852,0.44437,-1.14119,-1.72941,-8.96226,-2.28773,-1.11235,0.06236,-0.71232,0.70196,0.17905,0.90913,-0.37606
1791322159.0849,1.7019,0.432749,-0.262160,0.566336,-0.650587,0.59320,-1.30091,-1.51069,-8.43345,-3.61065,-0.35706,0.17547,-0.55382,0.72977,0.14905,0.96380,-0.22107
1791322159.0923,1.7092,0.435923,-0.316701,0.603212,-0.588053,1.13380,-1.40063,-0.88087,-7.82458,-4.34669,1.52321,0.30145,-0.38309,0.66698,0.15343,0.98556,-0.07167
1791322159.1196,1.7366,0.450049,-0.359154,0.635036,-0.514969,1.88043,-1.35742,-0.03482,-7.43470,-4.57638,2.95767,0.39075,-0.22878,0.63490,0.20169,0.97732,0.06452
1791322159.1351,1.7520,0.464357,-0.392962,0.663589,-0.435433,2.17585,-1.23107,0.35920,-7.57157,-4.31045,2.71843,0.44982,0.04434,0.61302,0.27407,0.94285,0.18954
1791322159.1770,1.7940,0.467042,-0.430385,0.683641,-0.359548,2.31854,-1.10535,0.59780,-7.41148,-3.17415,1.26455,0.32065,0.46212,0.70541,0.32909,0.89362,0.30519
1791322159.2370,1.8540,0.457600,-0.462586,0.699065,-0.296520,2.40792,-0.99348,0.75845,-5.98661,-1.75073,1.18133,0.00285,0.80370,0.74466,0.36545,0.83793,0.40536
1791322159.2526,1.8695,0.446155,-0.475281,0.712643,-0.259217,2.44697,-0.91663,0.82292,-4.48640,-1.08345,1.04320,0.03590,0.66972,0.58988,0.38950,0.79356,0.46750
1791322159.2529,1.8699,0.433876,-0.487088,0.724889,-0.221431,2.47507,-0.83858,0.87712,-2.98620,-0.41616,0.90507,0.06917,0.54122,0.43931,0.41331,0.74370,0.52544
1791322159.2535,1.8704,0.424555,-0.493220,0.733176,-0.197332,2.49053,-0.78688,0.90596,-1.92462,-0.28404,0.61481,0.10253,0.34931,0.32667,0.42789,0.70816,0.56163
1791322159.2545,1.8714,0.420308,-0.497974,0.736411,-0.181830,2.49531,-0.75654,0.92456,-1.24475,-0.52589,0.10523,0.06227,0.15991,0.28745,0.43795,0.68641,0.58056
1791322159.2739,1.8909,0.418498,-0.504207,0.735924,-0.170441,2.49768,-0.73810,0.94475,-1.08386,-0.61480,-0.16963,0.01914,0.05155,0.23868,0.44409,0.67288,0.59162
1791322159.3549,1.9719,0.415801,-0.512429,0.733299,-0.163703,2.50713,-0.72913,0.97055,-0.76633,-0.44964,-0.20053,0.02110,0.14262,0.24156,0.44204,0.66622,0.60062
1791322159.3550,1.9719,0.413050,-0.520586,0.730580,-0.156945,2.51619,-0.71999,0.99603,-0.44880,-0.28449,-0.23144,0.02292,0.23387,0.24455,0.44013,0.65938,0.60952
1791322159.3551,1.9720,0.410247,-0.528677,0.727769,-0.150166,2.52487,-0.71068,1.02119,-0.13128,-0.11933,-0.26235,0.02461,0.32531,0.24765,0.43835,0.65235,0.61830
1791322159.3554,1.9724,0.410513,-0.531336,0.725831,-0.149436,2.52620,-0.71176,1.02865,0.41283,-0.06682,-0.04354,0.02814,0.26808,0.25551,0.43712,0.65317,0.61830
1791322159.3811,1.9981,0.411844,-0.529719,0.725631,-0.152452,2.52415,-0.71759,1.02309,0.48611,0.37421,-0.04171,0.04318,0.18304,0.26924,0.43618,0.65757,0.61429
1791322159.3939,2.0109,0.410317,-0.528282,0.725885,-0.160152,2.53297,-0.72887,1.01977,0.78425,0.74929,-0.31652,-0.05252,0.21379,0.33747,0.42648,0.66603,0.61198
1791322159.4758,2.0927,0.408634,-0.501067,0.730134,-0.221030,2.55808,-0.82165,0.94272,4.23377,1.90477,-0.73230,0.04898,0.60407,0.51220,0.37521,0.73227,0.56833
1791322159.4758,2.0927,0.409705,-0.514962,0.728416,-0.190698,2.54649,-0.77509,0.98171,2.50901,1.32703,-0.52441,-0.00140,0.40830,0.42344,0.40047,0.69978,0.59155
1791322159.4759,2.0928,0.407107,-0.486612,0.731036,-0.251116,2.56747,-0.86849,0.90246,5.95853,2.48251,-0.94019,0.09848,0.80125,0.60365,0.35083,0.76336,0.54241
1791322159.4762,2.0932,0.419196,-0.460580,0.717747,-0.311416,2.53579,-0.98484,0.80880,8.77701,2.07412,-1.07454,0.23121,0.75116,0.66585,0.31489,0.83318,0.45459
1791322159.5024,2.1193,0.446091,-0.424806,0.685140,-0.388750,2.38850,-1.14740,0.60970,10.60208,0.75798,-1.80042,0.39947,0.42214,0.67867,0.28098,0.91170,0.29975
1791322159.5651,2.1820,0.478147,-0.387368,0.627190,-0.477445,1.93199,-1.32251,0.11964,10.94625,1.39804,-1.74679,0.30175,0.21624,0.68503,0.22988,0.96934,0.08684
1791322159.5651,2.1821,0.503673,-0.344642,0.560677,-0.559622,0.92932,-1.34541,-0.91606,11.29042,2.03810,-1.69315,0.20375,0.06260,0.69905,0.17906,0.97471,-0.13373
1791322159.5652,2.1821,0.522322,-0.297209,0.486508,-0.634158,0.35887,-1.18773,-1.51988,11.63460,2.67816,-1.63952,0.10271,-0.03848,0.70872,0.13127,0.92752,-0.34995
1791322159.5788,2.1958,0.532779,-0.230375,0.416005,-0.700010,0.21698,-0.97534,-1.72504,11.07681,2.93859,-1.31025,-0.01975,-0.10640,0.67901,0.12075,0.82789,-0.54773
1791322159.5926,2.2096,0.535677,-0.162824,0.349874,-0.751084,0.18341,-0.77541,-1.82745,9.72868,2.22594,-1.09272,-0.12884,-0.18842,0.66436,0.13025,0.70001,-0.70215
1791322159.6568,2.2738,0.533997,-0.106489,0.288027,-0.787748,0.17066,-0.60349,-1.89691,8.15531,1.25429,-1.00730,-0.09014,-0.09553,0.53347,0.13984,0.56752,-0.81140
1791322159.6613,2.2782,0.528173,-0.061256,0.228663,-0.815471,0.15819,-0.45298,-1.95557,7.59485,0.59637,-1.37884,0.01357,0.02007,0.45011,0.14164,0.43764,-0.88792
1791322159.6825,2.2994,0.520077,-0.020676,0.169815,-0.836812,0.14973,-0.31069,-2.00595,7.12520,0.52510,-0.95811,-0.02251,0.00683,0.46678,0.14203,0.30571,-0.94147
1791322159.6846,2.3016,0.510379,0.018395,0.116777,-0.851785,0.15365,-0.18115,-2.04797,6.21792,1.01714,-0.93277,-0.00640,-0.06590,0.46182,0.15054,0.18016,-0.97205
1791322159.6884,2.3053,0.500323,0.056722,0.073137,-0.860878,0.17210,-0.06922,-2.08269,5.39057,1.17100,-0.94199,0.02509,-0.09308,0.42265,0.17084,0.06917,-0.98287
1791322159.7102,2.3272,0.487715,0.089091,0.035363,-0.867725,0.19032,0.02553,-2.11992,4.62906,0.64386,-1.03632,-0.02223,-0.03302,0.33519,0.18911,-0.02553,-0.98162
1791322159.7289,2.3459,0.473251,0.114436,0.000469,-0.873463,0.20291,0.10770,-2.15950,4.18836,0.44765,-0.82281,-0.06534,0.01278,0.29147,0.20036,-0.10749,-0.97381
1791322159.7754,2.3923,0.463240,0.137629,-0.030572,-0.874947,0.21780,0.18201,-2.18769,3.53414,0.70452,-0.39363,-0.00365,-0.05433,0.27310,0.21251,-0.18101,-0.96025
1791322159.7762,2.3931,0.456524,0.159478,-0.054432,-0.873607,0.23812,0.24310,-2.20773,2.89524,0.86520,-0.19188,0.03191,-0.06096,0.23680,0.22894,-0.24071,-0.94321
1791322159.8376,2.4546,0.452277,0.179664,-0.073656,-0.870483,0.26020,0.29501,-2.22211,2.45931,0.96382,0.04879,-0.04777,-0.08809,0.27021,0.24616,-0.29075,-0.92459
1791322159.8397,2.4567,0.447485,0.196714,-0.085581,-0.868180,0.28395,0.33064,-2.23745,2.01672,0.94781,-0.04350,-0.03320,-0.12629,0.25394,0.26497,-0.32465,-0.90796
1791322159.8398,2.4568,0.442487,0.213673,-0.097466,-0.865476,0.30858,0.36592,-2.25389,1.57413,0.93179,-0.13578,-0.01845,-0.16523,0.23604,0.28360,-0.35780,-0.88969
1791322159.8691,2.4861,0.438975,0.227652,-0.105050,-0.862809,0.33118,0.39103,-2.26648,1.09501,0.78769,-0.10432,-0.00691,-0.25368,0.24212,0.30061,-0.38114,-0.87428
1791322159.8696,2.4866,0.436259,0.236264,-0.109126,-0.861365,0.34614,0.40513,-2.27574,0.40366,0.26757,-0.33409,0.00757,-0.36399,0.28543,0.31180,-0.39414,-0.86454
1791322159.9394,2.5564,0.429887,0.226594,-0.092893,-0.869036,0.34269,0.36428,-2.28656,-0.97156,0.06726,-0.76132,0.00619,-0.39417,0.32473,0.31397,-0.35627,-0.88005
1791322159.9395,2.5565,0.423319,0.216820,-0.076617,-0.876311,0.33882,0.32346,-2.29737,-2.34678,-0.13306,-1.18855,0.00581,-0.42490,0.36272,0.31514,-0.31785,-0.89424
1791322159.9397,2.5567,0.416557,0.206947,-0.060306,-0.883185,0.33454,0.28268,-2.30821,-3.72201,-0.33337,-1.61579,0.00644,-0.45612,0.39935,0.31530,-0.27893,-0.90707
1791322159.9564,2.5733,0.410260,0.188437,-0.023336,-0.891983,0.32922,0.19753,-2.31233,-5.25503,-0.22277,-1.70591,0.09802,-0.47656,0.40004,0.31702,-0.19625,-0.92789
1791322159.9788,2.5958,0.405334,0.161313,0.034301,-0.899170,0.32432,0.06914,-2.30589,-7.63907,-0.20386,-2.13624,0.25280,-0.63206,0.45790,0.31790,-0.06909,-0.94560
1791322159.9874,2.6044,0.394333,0.120297,0.115708,-0.903682,0.31594,-0.11450,-2.30042,-9.82836,-0.89945,-3.25097,0.31592,-0.69992,0.49799,0.30867,0.11425,-0.94428
1791322160.0064,2.6233,0.370906,0.057992,0.207875,-0.903246,0.27816,-0.33896,-2.31441,-11.24851,-2.43215,-4.76211,0.30423,-0.65558,0.60192,0.25896,0.33251,-0.90685
1791322160.0288,2.6457,0.336336,-0.023009,0.303241,-0.891288,0.19735,-0.58960,-2.35982,-11.98461,-3.34986,-4.85967,0.15393,-0.52798,0.67982,0.16297,0.55603,-0.81503
1791322160.0729,2.6898,0.307148,-0.107626,0.390296,-0.861247,0.08071,-0.83069,-2.42084,-10.91783,-4.36711,-3.22360,-0.03043,-0.46998,0.69223,0.05437,0.73840,-0.67217
1791322160.0737,2.6906,0.292714,-0.189331,0.460157,-0.816534,-0.07868,-1.03981,-2.49822,-10.07655,-5.68019,-1.67293,-0.07541,-0.56651,0.72113,-0.03980,0.86231,-0.50482
1791322160.1052,2.7221,0.296112,-0.273040,0.519730,-0.753424,-0.32198,-1.23715,-2.62279,-10.15894,-7.33994,0.10204,-0.05794,-0.51867,0.76996,-0.10363,0.94486,-0.31066
1791322160.1060,2.7229,0.309221,-0.350575,0.574352,-0.672011,-0.88743,-1.42067,-3.05528,-10.01439,-6.78297,1.20164,0.01375,-0.20082,0.83773,-0.11598,0.98875,-0.09443
1791322160.1492,2.7661,0.313518,-0.410658,0.621951,-0.588424,-2.44232,-1.42534,1.77762,-9.36728,-4.57370,0.98039,-0.05716,0.21249,0.83109,-0.09330,0.98944,0.11093
1791322160.1502,2.7672,0.301041,-0.451891,0.662186,-0.516410,-2.90758,-1.27303,1.37099,-7.77044,-2.24096,0.56290,-0.35308,0.59210,0.75798,-0.06803,0.95599,0.28539
1791322160.1688,2.7857,0.282488,-0.475018,0.694245,-0.461066,-3.03174,-1.13982,1.27056,-5.86522,-1.01461,1.09144,-0.40056,0.68270,0.60008,-0.04580,0.90856,0.41524
1791322160.2837,2.9006,0.281081,-0.476627,0.712187,-0.431983,-3.11723,-1.08274,1.19422,-4.95651,-0.85809,0.88173,-0.38375,0.61621,0.55347,-0.01143,0.88325,0.46877
1791322160.2849,2.9018,0.279344,-0.477676,0.729295,-0.402394,3.09736,-1.02324,1.13490,-4.04780,-0.70157,0.67202,-0.36702,0.55386,0.50906,0.02302,0.85380,0.52009
1791322160.2858,2.9028,0.277280,-0.478165,0.745548,-0.372333,3.04109,-0.96203,1.08807,-3.13909,-0.54505,0.46231,-0.35019,0.49551,0.46710,0.05738,0.82036,0.56897
1791322160.2863,2.9033,0.274890,-0.478094,0.760927,-0.341835,2.99396,-0.89959,1.05057,-2.23039,-0.38853,0.25261,-0.33312,0.44099,0.42782,0.09148,0.78307,0.61517
1791322160.2866,2.9035,0.272179,-0.477462,0.775414,-0.310937,2.95373,-0.83623,1.02017,-1.32168,-0.23201,0.04290,-0.31563,0.39014,0.39143,0.12518,0.74212,0.65847
1791322160.2869,2.9038,0.269636,-0.477285,0.781563,-0.297750,2.94165,-0.80785,1.01078,-0.57997,0.08854,0.36025,-0.22080,0.37380,0.34422,0.13725,0.72281,0.67728
1791322160.3065,2.9234,0.269044,-0.471869,0.786814,-0.293052,2.93001,-0.79671,0.99111,0.02935,0.20592,0.90594,-0.02198,0.37887,0.26531,0.14681,0.71506,0.68347
1791322160.3239,2.9409,0.271855,-0.463229,0.790965,-0.293067,2.91267,-0.79730,0.96283,0.62313,0.09203,0.77119,0.14418,0.43431,0.21224,0.15854,0.71547,0.68041
1791322160.3748,2.9918,0.280027,-0.451497,0.792440,-0.299622,2.88622,-0.81500,0.92504,1.80898,0.01752,1.48769,0.10360,0.64330,0.21174,0.17325,0.72773,0.66362
1791322160.3756,2.9925,0.295041,-0.431043,0.792732,-0.314210,2.83797,-0.85188,0.85745,2.97843,0.23204,1.63809,0.08524,0.78243,0.28344,0.19690,0.75252,0.62845
1791322160.4041,3.0210,0.310211,-0.408797,0.787734,-0.340777,2.79141,-0.91164,0.78437,4.23288,0.64130,0.82365,0.00313,0.88916,0.42049,0.21011,0.79051,0.57528
1791322160.4047,3.0217,0.326845,-0.386853,0.774100,-0.379849,2.73874,-0.99906,0.70495,5.47755,0.56359,0.19761,-0.00863,0.75217,0.54236,0.21213,0.84097,0.49777
1791322160.4354,3.0524,0.345790,-0.363936,0.752610,-0.426097,2.65513,-1.10410,0.59750,6.18973,0.39367,0.30976,0.03225,0.49338,0.59055,0.21034,0.89306,0.39774
1791322160.4541,3.0711,0.369198,-0.335762,0.726693,-0.472095,2.47942,-1.20562,0.40101,6.71234,-0.07956,0.87359,0.07763,0.43440,0.56084,0.21956,0.93406,0.28164
1791322160.4685,3.0854,0.401203,-0.302849,0.692952,-0.516852,2.10520,-1.28457,0.01769,7.56454,-0.91215,1.26767,0.16803,0.51896,0.57508,0.24297,0.95932,0.14380
1791322160.5256,3.1425,0.436438,-0.276034,0.638292,-0.570886,1.43616,-1.32411,-0.64052,8.65704,-1.57265,0.08144,0.18492,0.49498,0.65555,0.24198,0.96973,-0.03278
1791322160.5257,3.1426,0.468239,-0.247047,0.578610,-0.620428,0.84606,-1.25108,-1.21977,9.74955,-2.23314,-1.10479,0.20750,0.50182,0.73502,0.23531,0.94933,-0.20836
1791322160.5260,3.1429,0.495844,-0.220833,0.499806,-0.674956,0.45591,-1.10551,-1.59011,10.34507,-2.59456,-1.74448,0.07719,0.27327,0.86829,0.19754,0.89369,-0.40285
1791322160.5566,3.1736,0.514364,-0.194402,0.413529,-0.725694,0.24118,-0.92759,-1.78732,9.73030,-1.92980,-1.78147,-0.04558,-0.00789,0.87234,0.14326,0.80018,-0.58240
1791322160.5776,3.1945,0.527141,-0.161682,0.335517,-0.763812,0.14666,-0.75187,-1.87545,8.61626,-0.92965,-0.75460,-0.07401,-0.14577,0.82396,0.10674,0.68300,-0.72257
1791322160.5875,3.2044,0.535373,-0.125064,0.267100,-0.791450,0.10617,-0.59041,-1.91980,7.79284,-0.35222,-0.56079,-0.00087,-0.20595,0.70139,0.08803,0.55670,-0.82603
1791322160.6050,3.2220,0.544712,-0.088286,0.206868,-0.807898,0.09177,-0.44498,-1.93437,6.73968,-0.26808,0.17532,-0.11653,-0.54356,0.68218,0.08271,0.43044,-0.89882
1791322160.6227,3.2396,0.548834,-0.057171,0.155848,-0.819282,0.08172,-0.32375,-1.94777,5.41221,-0.28836,-0.33623,-0.12395,-0.72438,0.55424,0.07739,0.31812,-0.94489
1791322160.7054,3.3224,0.551674,-0.038998,0.125757,-0.823602,0.07704,-0.25286,-1.95142,4.28598,-0.06515,0.19618,-0.12430,-0.66886,0.50469,0.07452,0.25018,-0.96533
1791322160.7055,3.3224,0.553816,-0.020776,0.095508,-0.826882,0.07269,-0.18196,-1.95467,3.15975,0.15806,0.72859,-0.12443,-0.61207,0.45026,0.07143,0.18096,-0.98089
1791322160.7056,3.3225,0.555260,-0.002528,0.065138,-0.829118,0.06862,-0.11105,-1.95758,2.03352,0.38126,1.26101,-0.12437,-0.55435,0.39087,0.06814,0.11082,-0.99150
1791322160.7057,3.3227,0.564020,0.010770,0.052520,-0.824018,0.07728,-0.07447,-1.93825,0.92221,0.53253,1.35060,-0.11648,-0.62912,0.34820,0.07699,0.07441,-0.99425
1791322160.7301,3.3471,0.572915,0.017170,0.052681,-0.817740,0.08876,-0.06653,-1.91637,-0.54358,0.58460,0.68533,-0.11223,-0.77228,0.33845,0.08844,0.06649,-0.99386
1791322160.7643,3.3812,0.571602,0.012655,0.067831,-0.817625,0.09886,-0.09660,-1.91657,-2.55227,0.49963,-0.97160,-0.16386,-0.93066,0.34552,0.09824,0.09645,-0.99048
1791322160.7648,3.3818,0.558066,-0.003392,0.102084,-0.823486,0.11021,-0.17277,-1.94085,-4.75443,1.13554,-1.84523,-0.11638,-0.86697,0.37019,0.10835,0.17192,-0.97913
1791322160.7845,3.4015,0.549769,-0.019122,0.158447,-0.819929,0.14941,-0.28469,-1.93883,-6.38064,2.69261,0.89532,-0.11487,-0.65380,0.41310,0.14286,0.28086,-0.94906
1791322160.8252,3.4422,0.556175,-0.024934,0.236553,-0.796298,0.24679,-0.41640,-1.86983,-8.07745,4.69963,2.83278,0.10341,-0.77250,0.36384,0.22342,0.40447,-0.88684
1791322160.8260,3.4429,0.563339,-0.023152,0.339011,-0.753117,0.42394,-0.56654,-1.73201,-9.62867,5.74772,2.93349,0.14798,-1.03165,0.25252,0.34708,0.53672,-0.76907
1791322160.8573,3.4743,0.549156,-0.038373,0.434529,-0.712840,0.59864,-0.72301,-1.59644,-9.27526,3.67438,-1.55543,0.21322,-1.19507,0.25356,0.42254,0.66164,-0.61942
1791322160.8806,3.4975,0.507637,-0.089854,0.509913,-0.688636,0.70411,-0.91656,-1.51257,-9.44179,1.03335,-5.46404,0.26497,-1.17785,0.50797,0.39395,0.79352,-0.46383
1791322160.8819,3.4988,0.457779,-0.171195,0.565278,-0.664523,0.76466,-1.13853,-1.43141,-9.56681,-1.96288,-5.91280,0.28089,-0.84720,0.82180,0.29002,0.90802,-0.30230
1791322160.9032,3.5202,0.429759,-0.245938,0.615979,-0.612692,1.08587,-1.31005,-1.05012,-10.48235,-2.13403,0.50124,0.22824,-0.13227,0.93084,0.22808,0.96620,-0.12017
1791322160.9226,3.5395,0.425677,-0.288581,0.668754,-0.536925,1.80179,-1.30100,-0.27016,-8.75533,-2.16457,1.89857,0.12415,0.28200,0.98584,0.25945,0.96383,0.06102
1791322161.0269,3.6438,0.408574,-0.308277,0.696653,-0.502700,2.12562,-1.26076,0.06148,-7.40939,-1.39888,1.47404,0.06779,0.32845,0.85011,0.25933,0.95232,0.16072
1791322161.0271,3.6441,0.390395,-0.327162,0.722720,-0.467153,2.35638,-1.19629,0.30011,-6.06344,-0.63318,1.04951,0.01201,0.38503,0.71608,0.25862,0.93069,0.25872
1791322161.0273,3.6443,0.371190,-0.345187,0.746887,-0.430377,2.51297,-1.11781,0.46468,-4.71749,0.13251,0.62498,-0.04321,0.45152,0.58478,0.25735,0.89915,0.35399
1791322161.0275,3.6445,0.351008,-0.362304,0.769088,-0.392470,2.62085,-1.03142,0.58071,-3.37155,0.89821,0.20046,-0.09787,0.52759,0.45722,0.25553,0.85803,0.44552
1791322161.0277,3.6447,0.340470,-0.370705,0.780876,-0.369986,2.66153,-0.97956,0.62697,-1.92583,-0.59130,0.10832,-0.06052,0.41574,0.40613,0.25742,0.83025,0.49438
1791322161.0404,3.6573,0.338706,-0.376362,0.786356,-0.353941,2.66836,-0.94688,0.64696,-1.50702,-0.01416,0.41828,-0.19906,0.49986,0.44444,0.26627,0.81160,0.52001
1791322161.0831,3.7001,0.328565,-0.371068,0.796120,-0.347197,2.68684,-0.92175,0.64354,-0.42169,2.16616,1.28486,-0.41450,0.58955,0.50495,0.26549,0.79666,0.54300
1791322161.0852,3.7021,0.309838,-0.345105,0.810743,-0.357211,2.70813,-0.91583,0.58867,1.16885,4.07814,1.74463,-0.41908,0.43430,0.38682,0.25585,0.79307,0.55280
1791322161.1229,3.7398,0.291265,-0.314754,0.821883,-0.374969,2.72539,-0.92682,0.52122,1.35061,2.77177,1.49691,-0.34285,0.36836,0.20548,0.24273,0.79972,0.54913
1791322161.1235,3.7405,0.283658,-0.290686,0.828110,-0.386360,2.71575,-0.93535,0.45765,0.84049,1.32715,1.64373,-0.28951,0.39655,0.19028,0.24518,0.80481,0.54053
1791322161.1892,3.8062,0.285716,-0.257058,0.828458,-0.407364,2.65980,-0.96467,0.34589,2.39845,1.10090,0.56055,-0.07440,0.60130,0.37983,0.26397,0.82186,0.50484
1791322161.1892,3.8062,0.284743,-0.273926,0.828447,-0.396941,2.68877,-0.95046,0.40270,1.61947,1.21402,1.10214,-0.18170,0.49858,0.28502,0.25432,0.81369,0.52272
1791322161.1895,3.8064,0.282649,-0.237605,0.819740,-0.437812,2.63193,-1.01999,0.27487,4.45806,2.37995,0.53227,-0.15978,0.62878,0.52447,0.25534,0.85210,0.45686
1791322161.2237,3.8407,0.278631,-0.199601,0.805855,-0.482827,2.54630,-1.09605,0.11541,5.96353,3.12177,2.36126,-0.21659,0.60576,0.57236,0.25633,0.88941,0.37849
1791322161.2451,3.8621,0.280634,-0.141782,0.786719,-0.531240,2.33359,-1.15663,-0.18767,6.97379,2.92140,3.63177,-0.36474,0.50914,0.48562,0.29092,0.91545,0.27806
1791322161.2728,3.8897,0.292381,-0.079285,0.756836,-0.579160,1.99447,-1.17586,-0.60446,6.86063,1.30120,3.89747,-0.42290,0.30919,0.41197,0.35073,0.92302,0.15817
1791322161.2736,3.8906,0.316452,-0.024546,0.724569,-0.611765,1.68972,-1.12453,-0.95219,6.52428,1.29320,5.59593,-0.32451,-0.00716,0.44795,0.42855,0.90207,0.05120
1791322161.3065,3.9234,0.340678,0.045676,0.689422,-0.637612,1.48536,-1.01229,-1.21875,6.29647,1.87647,5.68894,-0.24833,0.13376,0.51943,0.52799,0.84805,-0.04522
1791322161.3081,3.9250,0.358647,0.119650,0.646351,-0.662786,1.35588,-0.88035,-1.42457,7.52227,2.25806,5.33035,-0.26816,0.12207,0.50323,0.62223,0.77096,-0.13583
1791322161.3291,3.9461,0.363153,0.198250,0.596940,-0.687371,1.28339,-0.74320,-1.60281,7.66483,3.16344,5.15130,-0.47563,-0.14354,0.43623,0.70610,0.67665,-0.20872
1791322161.3396,3.9565,0.360181,0.278073,0.544247,-0.704797,1.25872,-0.60268,-1.75159,7.37338,3.67304,4.67166,-0.52966,-0.29954,0.29414,0.78403,0.56686,-0.25294
1791322161.3606,3.9775,0.351528,0.352386,0.502701,-0.706784,1.28932,-0.48121,-1.85369,5.06230,4.14050,4.45435,-0.57513,-0.38984,0.22777,0.85155,0.46286,-0.24623
1791322161.3789,3.9958,0.348526,0.412994,0.469558,-0.698198,1.33427,-0.37665,-1.91763,3.95582,3.05383,4.66074,-0.48766,-0.38075,0.24379,0.90401,0.36781,-0.21790
1791322161.4952,4.1122,0.361306,0.449215,0.429664,-0.695020,1.33241,-0.27614,-1.96519,3.59201,2.41458,4.10392,-0.43555,-0.41632,0.27753,0.93491,0.27264,-0.22719
1791322161.4953,4.1122,0.372974,0.484053,0.388448,-0.689703,1.33544,-0.17565,-2.01148,3.22821,1.77534,3.54710,-0.37511,-0.44917,0.30440,0.95747,0.17475,-0.22960
1791322161.4954,4.1123,0.383495,0.517402,0.346037,-0.682265,1.34308,-0.07541,-2.05749,2.86440,1.13609,2.99027,-0.30605,-0.48050,0.32437,0.97142,0.07534,-0.22511
1791322161.4957,4.1127,0.392835,0.549159,0.302562,-0.672727,1.35531,0.02438,-2.10415,2.50059,0.49685,2.43345,-0.22822,-0.51153,0.33748,0.97658,-0.02437,-0.21376
1791322161.4959,4.1128,0.400967,0.579226,0.258155,-0.661119,1.37229,0.12347,-2.15238,2.13678,-0.14239,1.87663,-0.14153,-0.54349,0.34388,0.97290,-0.12316,-0.19571
1791322161.4999,4.1169,0.400337,0.588726,0.239080,-0.660282,1.37468,0.15629,-2.17988,0.94577,-0.09951,0.45187,-0.12879,-0.53708,0.29836,0.96888,-0.15566,-0.19249
1791322161.5731,4.1900,0.398407,0.586429,0.248612,-0.659973,1.37919,0.13957,-2.17052,0.02475,0.06580,-0.49675,-0.17136,-0.63212,0.32166,0.97215,-0.13912,-0.18859
1791322161.5731,4.1901,0.396438,0.584074,0.258120,-0.659598,1.38384,0.12290,-2.16111,-0.89627,0.23110,-1.44537,-0.21367,-0.72716,0.34474,0.97516,-0.12259,-0.18446
1791322161.5732,4.1901,0.394428,0.581660,0.267601,-0.659157,1.38865,0.10626,-2.15164,-1.81729,0.39641,-2.39399,-0.25571,-0.82218,0.36760,0.97791,-0.10606,-0.18012
1791322161.5774,4.1944,0.388465,0.567422,0.306604,-0.658119,1.40182,0.03729,-2.10660,-3.26872,0.67856,-3.67898,-0.29909,-0.87034,0.42406,0.98507,-0.03728,-0.16805
1791322161.6027,4.2197,0.380614,0.540424,0.360175,-0.658292,1.41341,-0.06286,-2.03947,-4.46153,0.03351,-5.18553,-0.12520,-0.61575,0.40363,0.98569,0.06282,-0.15643
1791322161.6257,4.2427,0.367869,0.499473,0.409545,-0.668933,1.40163,-0.18143,-1.98282,-3.38169,-1.55110,-5.37930,-0.14997,-0.44694,0.41734,0.96955,0.18044,-0.16560
1791322161.6371,4.2541,0.352190,0.448053,0.458949,-0.681599,1.38328,-0.31523,-1.92601,-4.65289,-1.07859,-6.28797,-0.22165,-0.53010,0.38482,0.93406,0.31004,-0.17723
1791322161.6560,4.2730,0.332449,0.392331,0.517463,-0.683949,1.39481,-0.46338,-1.84639,-4.92340,-1.14054,-7.28588,-0.33320,-0.34622,0.43951,0.88073,0.44698,-0.15662
1791322161.6745,4.2914,0.310700,0.330381,0.568156,-0.686667,1.40368,-0.61257,-1.76928,-4.03803,-1.98906,-6.32078,-0.26244,0.04691,0.41023,0.80678,0.57497,-0.13609
1791322161.7853,4.4022,0.306059,0.261800,0.616515,-0.676534,1.43128,-0.73952,-1.64188,-5.11274,-2.77657,-6.01272,-0.28148,0.05778,0.44431,0.73161,0.67393,-0.10274
1791322161.7853,4.4023,0.299224,0.191343,0.660455,-0.661552,1.48714,-0.86230,-1.49161,-6.18744,-3.56408,-5.70467,-0.29247,0.08221,0.46338,0.64841,0.75934,-0.05437
1791322161.7858,4.4027,0.290245,0.119514,0.699663,-0.641830,1.58442,-0.97687,-1.30399,-7.26215,-4.35159,-5.39661,-0.29782,0.12264,0.46882,0.55956,0.82875,0.00762
1791322161.7860,4.4029,0.279186,0.046829,0.733857,-0.617508,1.74331,-1.07623,-1.05773,-8.33685,-5.13910,-5.08856,-0.30005,0.18105,0.46240,0.46760,0.88018,0.08148
1791322161.7865,4.4034,0.281993,-0.042082,0.765134,-0.577303,1.99816,-1.13649,-0.66968,-6.01977,-3.56154,-5.52063,-0.27448,0.80173,0.53409,0.38294,0.90716,0.17440
1791322161.8183,4.4353,0.267371,-0.108035,0.781583,-0.553144,2.25837,-1.17432,-0.33487,-3.47231,-1.02166,-4.35417,-0.50247,1.14900,0.17159,0.29843,0.92243,0.24509
1791322161.8348,4.4517,0.248210,-0.136445,0.791700,-0.541281,2.44088,-1.18051,-0.13884,-2.82951,-0.43944,-3.17934,-0.42525,0.70690,0.14572,0.24531,0.92480,0.29081
1791322161.8577,4.4747,0.232178,-0.163627,0.801212,-0.526668,2.60722,-1.16789,0.04500,-2.82174,-0.65548,-2.78694,-0.33917,0.30526,0.15045,0.19969,0.91993,0.33743
1791322161.8733,4.4903,0.221663,-0.194243,0.809802,-0.507303,2.74533,-1.13787,0.21546,-3.05963,-1.34369,-2.48200,-0.32731,0.17829,0.17564,0.16193,0.90774,0.38702
1791322161.9524,4.5694,0.223331,-0.214674,0.811469,-0.495536,2.79084,-1.12002,0.29596,-2.01335,-1.07490,-1.62617,-0.34705,0.27388,0.18472,0.14970,0.90011,0.40913
1791322161.9528,4.5697,0.224874,-0.234984,0.812682,-0.483490,2.83137,-1.10071,0.37163,-0.96707,-0.80611,-0.77034,-0.36760,0.37041,0.19371,0.13828,0.89153,0.43134
1791322161.9529,4.5698,0.226290,-0.255163,0.813438,-0.471173,2.86717,-1.08013,0.44274,0.07921,-0.53732,0.08549,-0.38899,0.46787,0.20266,0.12769,0.88202,0.45358
1791322161.9572,4.5742,0.231480,-0.257261,0.812182,-0.469674,2.85246,-1.08014,0.43939,0.95997,-0.01117,0.86816,-0.35443,0.38167,0.23260,0.13435,0.88202,0.45165
1791322161.9732,4.5902,0.238076,-0.246984,0.809119,-0.477121,2.80779,-1.09668,0.38745,1.99046,0.50450,1.29510,-0.34411,0.35916,0.23460,0.14958,0.88970,0.43135
1791322162.0254,4.6424,0.244204,-0.216461,0.798939,-0.505178,2.70787,-1.15042,0.24540,3.39723,1.24408,2.04224,-0.40391,0.45074,0.23589,0.17151,0.91293,0.37032
1791322162.0256,4.6426,0.249878,-0.185535,0.787273,-0.532295,2.57569,-1.19672,0.07153,4.80400,1.98366,2.78938,-0.46619,0.54764,0.23803,0.19592,0.93085,0.30845
1791322162.0566,4.6736,0.257983,-0.139259,0.769902,-0.566835,2.32367,-1.23658,-0.24020,5.40015,2.21404,3.55540,-0.43902,0.43963,0.29881,0.23937,0.94467,0.22429
1791322162.0568,4.6738,0.269410,-0.085183,0.748726,-0.599643,1.99399,-1.23405,-0.63329,5.23622,2.18196,4.02576,-0.39538,0.27447,0.36838,0.30127,0.94383,0.13569
1791322162.1067,4.7236,0.281381,-0.028402,0.725944,-0.626916,1.71880,-1.18419,-0.97258,5.02671,2.24761,4.17350,-0.40296,0.30075,0.37549,0.37292,0.92620,0.05560
1791322162.1072,4.7242,0.292959,0.029779,0.698269,-0.652464,1.51935,-1.10562,-1.23738,5.54154,2.07425,4.22462,-0.51164,0.31476,0.35393,0.44799,0.89374,-0.02307
1791322162.1121,4.7290,0.303185,0.091176,0.663831,-0.677565,1.37923,-1.00524,-1.44886,5.90106,2.37658,4.46800,-0.59352,0.18595,0.36614,0.52608,0.84429,-0.10203
1791322162.1487,4.7656,0.310146,0.157458,0.625498,-0.698405,1.30130,-0.88835,-1.61064,5.92337,3.10071,4.62128,-0.55445,-0.00135,0.44699,0.60793,0.77603,-0.16792
1791322162.1730,4.7900,0.311996,0.226008,0.588371,-0.710913,1.28076,-0.76916,-1.72866,5.05233,3.41244,4.39738,-0.44521,-0.15981,0.41362,0.68848,0.69553,-0.20548
1791322162.2303,4.8472,0.312197,0.288091,0.554722,-0.715416,1.29026,-0.66090,-1.81338,4.15319,3.04027,4.20514,-0.34290,-0.21040,0.36543,0.75857,0.61383,-0.21857
1791322162.2304,4.8474,0.314199,0.342668,0.523467,-0.714031,1.31144,-0.56121,-1.87616,3.55087,2.68397,3.96183,-0.25622,-0.22588,0.34854,0.81830,0.53221,-0.21712
1791322162.2310,4.8480,0.317147,0.390129,0.493343,-0.709810,1.33438,-0.47002,-1.92839,3.08994,2.19082,3.74133,-0.22126,-0.24520,0.29833,0.86676,0.45290,-0.20883
1791322162.2374,4.8543,0.320451,0.430815,0.464228,-0.704416,1.35551,-0.38754,-1.97440,2.81334,1.90858,3.38852,-0.14555,-0.27531,0.30449,0.90447,0.37791,-0.19778
1791322162.2540,4.8710,0.323033,0.467695,0.436883,-0.697169,1.37967,-0.31204,-2.01567,2.46677,1.77093,3.14064,-0.07853,-0.31133,0.29702,0.93438,0.30700,-0.18079
1791322162.2726,4.8896,0.327406,0.500703,0.411423,-0.687628,1.40525,-0.24025,-2.04912,2.10741,1.79664,3.27909,-0.03827,-0.25011,0.28706,0.95800,0.23795,-0.16006
1791322162.3557,4.9727,0.330164,0.528832,0.389944,-0.677697,1.43153,-0.18030,-2.07801,1.95107,1.47380,2.91603,-0.05593,-0.27120,0.23820,0.97427,0.17933,-0.13656
1791322162.3559,4.9728,0.332473,0.556242,0.367935,-0.666844,1.45931,-0.12114,-2.10822,1.79472,1.15096,2.55297,-0.06958,-0.29242,0.18671,0.98651,0.12084,-0.11044
1791322162.3560,4.9730,0.334330,0.582896,0.345426,-0.655085,1.48872,-0.06285,-2.13989,1.63837,0.82812,2.18991,-0.07913,-0.31409,0.13272,0.99467,0.06281,-0.08183
1791322162.3563,4.9733,0.336808,0.601631,0.325404,-0.647080,1.50644,-0.01586,-2.16689,1.31496,0.49517,1.97989,-0.04083,-0.29678,0.12683,0.99780,0.01586,-0.06430
1791322162.4020,5.0189,0.340673,0.614974,0.307284,-0.641347,1.51598,0.02486,-2.18856,1.05541,0.23408,1.81786,-0.01430,-0.27561,0.13200,0.99819,-0.02486,-0.05477
1791322162.4188,5.0357,0.345170,0.625360,0.291345,-0.636318,1.52260,0.06097,-2.20564,0.84852,0.30661,1.57010,-0.02009,-0.31216,0.12327,0.99698,-0.06093,-0.04809
1791322162.4211,5.0381,0.348353,0.634583,0.278846,-0.631031,1.53153,0.09032,-2.21962,0.67977,0.37945,1.26721,-0.01937,-0.29934,0.09899,0.99516,-0.09020,-0.03910
1791322162.4341,5.0511,0.349812,0.642332,0.269347,-0.626493,1.54088,0.11214,-2.23195,0.61985,0.46285,0.79888,-0.06072,-0.34229,0.09035,0.99327,-0.11190,-0.02973
1791322162.4753,5.0922,0.349277,0.648651,0.264868,-0.622176,1.55246,0.12385,-2.24012,0.15683,0.61389,0.32544,-0.09144,-0.47516,0.07520,0.99217,-0.12353,-0.01820
1791322162.4760,5.0929,0.348455,0.651586,0.267914,-0.618252,1.56343,0.12313,-2.23735,-0.52366,0.56438,-0.31203,-0.09240,-0.54178,0.09464,0.99240,-0.12282,-0.00732
1791322162.5269,5.1439,0.345015,0.645227,0.284657,-0.619368,1.56547,0.09274,-2.21738,-0.93315,0.27847,-1.31189,-0.03116,-0.59144,0.18795,0.99569,-0.09261,-0.00531
1791322162.5271,5.1441,0.341460,0.638652,0.301304,-0.620278,1.56811,0.06240,-2.19738,-1.34264,-0.00744,-2.31175,0.03099,-0.64114,0.28065,0.99805,-0.06236,-0.00268
1791322162.5313,5.1482,0.338656,0.625570,0.323901,-0.623749,1.56329,0.01964,-2.16628,-1.83718,-0.27831,-2.35078,0.05930,-0.50041,0.34503,0.99978,-0.01964,-0.00750
1791322162.5554,5.1724,0.337291,0.608694,0.350422,-0.626842,1.55740,-0.02871,-2.12597,-2.27519,-0.36784,-2.69514,0.02237,-0.43019,0.32552,0.99950,0.02870,-0.01339
1791322162.5701,5.1870,0.332903,0.588307,0.381453,-0.630527,1.55395,-0.08945,-2.08208,-2.28621,-0.28787,-3.42617,-0.05394,-0.46455,0.25100,0.99586,0.08933,-0.01678
1791322162.6770,5.2939,0.314443,0.554203,0.426517,-0.641925,1.54846,-0.20039,-2.03462,-2.55302,-0.46198,-4.04176,-0.09913,-0.42288,0.29451,0.97974,0.19905,-0.02188
1791322162.6770,5.2940,0.294831,0.518069,0.470018,-0.650970,1.54834,-0.31146,-1.98640,-2.81984,-0.63610,-4.65734,-0.13234,-0.37890,0.33241,0.95165,0.30645,-0.02138
1791322162.6771,5.2941,0.274138,0.480036,0.511797,-0.657630,1.55407,-0.42240,-1.93609,-3.08665,-0.81021,-5.27293,-0.15397,-0.33102,0.36470,0.91198,0.40995,-0.01526
1791322162.6775,5.2944,0.252441,0.440243,0.551700,-0.661881,1.56659,-0.53292,-1.88207,-3.35346,-0.98433,-5.88851,-0.16462,-0.27773,0.39147,0.86132,0.50805,-0.00363
1791322162.6776,5.2946,0.232230,0.392815,0.593947,-0.662565,1.58857,-0.64928,-1.80725,-3.34814,-1.34535,-5.91036,-0.17961,-0.18608,0.42881,0.79640,0.60461,0.01415
1791322162.7090,5.3260,0.213607,0.340157,0.632548,-0.662229,1.61468,-0.76490,-1.72177,-2.97418,-1.73895,-5.87952,-0.20377,-0.08343,0.44566,0.72076,0.69246,0.03165
1791322162.7098,5.3268,0.197508,0.284969,0.664483,-0.662001,1.64178,-0.87448,-1.63149,-2.63363,-2.16603,-5.45145,-0.23544,0.01793,0.38932,0.63978,0.76721,0.04549
1791322162.7314,5.3483,0.186270,0.229898,0.690353,-0.660200,1.67542,-0.97179,-1.53076,-2.61164,-2.57314,-4.77956,-0.27316,0.02176,0.33322,0.56074,0.82590,0.05888
1791322162.7739,5.3909,0.181521,0.174530,0.711760,-0.655734,1.72176,-1.05538,-1.40961,-2.57615,-3.12608,-4.40000,-0.25395,0.06800,0.36945,0.48729,0.87009,0.07412
1791322162.7746,5.3915,0.180572,0.118103,0.728111,-0.650615,1.77939,-1.13088,-1.27165,-2.18403,-3.19854,-4.17596,-0.29297,0.28860,0.34821,0.41663,0.90479,0.08819
1791322162.8265,5.4435,0.177525,0.076087,0.737728,-0.646880,1.84164,-1.18747,-1.15369,-1.79482,-2.40905,-3.14406,-0.34478,0.41157,0.18855,0.36037,0.92743,0.10006
1791322162.8267,5.4436,0.174144,0.033929,0.745957,-0.641928,1.93373,-1.24031,-1.00649,-1.40560,-1.61956,-2.11217,-0.39584,0.53872,0.02563,0.30337,0.94588,0.11521
1791322162.8270,5.4440,0.173589,0.007134,0.751343,-0.636631,2.01701,-1.26691,-0.88587,-1.02381,-1.37320,-1.31967,-0.34005,0.38522,0.00048,0.26993,0.95418,0.12913
1791322162.8475,5.4645,0.176899,-0.013557,0.754437,-0.631940,2.07774,-1.28104,-0.79081,-0.75487,-1.52450,-1.14544,-0.27979,0.21435,0.07242,0.24978,0.95831,0.13872
1791322162.8679,5.4849,0.180562,-0.033074,0.755911,-0.628412,2.13051,-1.29420,-0.70485,-0.64125,-1.36746,-1.11523,-0.31282,0.26365,0.05200,0.23141,0.96199,0.14499
1791322162.9515,5.5685,0.188166,-0.041105,0.757090,-0.624275,2.14086,-1.28963,-0.67178,-0.58676,-1.26752,-0.48838,-0.26114,0.22153,0.05045,0.23360,0.96073,0.14975
1791322162.9520,5.5689,0.195745,-0.049130,0.758162,-0.620049,2.15050,-1.28497,-0.63941,-0.53227,-1.16757,0.13848,-0.20956,0.17946,0.04897,0.23589,0.95943,0.15445
1791322162.9521,5.5691,0.203295,-0.057148,0.759128,-0.615736,2.15946,-1.28022,-0.60770,-0.47779,-1.06763,0.76533,-0.15807,0.13743,0.04754,0.23828,0.95808,0.15908
1791322162.9523,5.5693,0.214616,-0.060961,0.759946,-0.610496,2.14388,-1.26649,-0.60083,-0.35803,-1.23588,0.60393,-0.08819,-0.03182,0.10584,0.25176,0.95405,0.16247
1791322162.9776,5.5946,0.226929,-0.068839,0.759545,-0.605686,2.12929,-1.25754,-0.58561,-0.45384,-1.61239,0.13623,-0.10014,-0.06429,0.07101,0.26133,0.95134,0.16329
1791322162.9876,5.6046,0.240497,-0.079730,0.758680,-0.600174,2.11768,-1.25014,-0.56104,-0.56387,-1.90382,0.24548,-0.17309,0.04632,0.00795,0.26922,0.94903,0.16390
1791322163.0063,5.6232,0.256133,-0.089566,0.757673,-0.593553,2.09833,-1.23857,-0.54233,-0.48602,-1.76926,0.55826,-0.22172,0.15854,-0.00557,0.28181,0.94532,0.16418
1791322163.0263,5.6432,0.272514,-0.095987,0.755994,-0.587364,2.06559,-1.22381,-0.54055,-0.23645,-1.54175,0.71094,-0.23157,0.18211,-0.00132,0.29928,0.94040,0.16148
1791322163.0754,5.6923,0.287879,-0.100658,0.753151,-0.582887,2.02579,-1.21097,-0.54979,-0.03143,-1.56985,0.58675,-0.22196,0.16302,0.00052,0.31629,0.93596,0.15474
1791322163.1042,5.7212,0.304894,-0.104511,0.748876,-0.579053,1.97477,-1.19716,-0.56871,0.00291,-1.60561,0.91309,-0.25823,0.14242,-0.01625,0.33562,0.93101,0.14347
1791322163.1044,5.7214,0.321806,-0.108328,0.744347,-0.575025,1.92620,-1.18303,-0.58509,0.03724,-1.64137,1.23943,-0.29403,0.12211,-0.03238,0.35449,0.92576,0.13158
1791322163.1060,5.7229,0.339439,-0.106558,0.741156,-0.569311,1.87848,-1.15858,-0.60704,0.01959,-1.04003,1.47450,-0.35753,0.08145,-0.04635,0.38182,0.91624,0.12133
1791322163.1357,5.7527,0.352063,-0.099580,0.739985,-0.564409,1.84510,-1.13238,-0.62984,0.21168,-0.15678,1.28647,-0.39310,0.06114,-0.05038,0.40863,0.90543,0.11499
1791322163.1450,5.7620,0.356580,-0.088655,0.739826,-0.563604,1.82343,-1.11330,-0.65985,0.69469,0.64990,0.83621,-0.44998,0.09573,-0.07503,0.42768,0.89716,0.11040
1791322163.1681,5.7851,0.352240,-0.073573,0.738779,-0.569842,1.80120,-1.10576,-0.71122,1.30104,1.74782,0.71724,-0.49363,0.07605,-0.05809,0.43660,0.89381,0.10241
1791322163.2240,5.8410,0.336669,-0.049952,0.739135,-0.581238,1.78933,-1.10366,-0.78256,1.44482,2.67701,0.61012,-0.47061,0.11330,-0.03840,0.43962,0.89286,0.09763
1791322163.2243,5.8413,0.320785,-0.026284,0.738804,-0.592094,1.77788,-1.10119,-0.85352,1.58861,3.60620,0.50300,-0.44783,0.15073,-0.01891,0.44287,0.89175,0.09304
1791322163.2247,5.8416,0.296543,0.004171,0.739241,-0.604622,1.77748,-1.10053,-0.93566,2.19129,3.89419,0.40662,-0.35334,0.22614,0.01465,0.44348,0.89145,0.09299
1791322163.2555,5.8725,0.268753,0.038840,0.734296,-0.622151,1.75251,-1.10355,-1.05328,2.96997,4.30118,0.39240,-0.32419,0.23292,0.02070,0.44302,0.89281,0.08140
1791322163.2789,5.8959,0.236999,0.075238,0.722241,-0.645398,1.69437,-1.11204,-1.21176,4.20185,3.89231,-0.11515,-0.31581,0.13966,-0.04101,0.43946,0.89660,0.05458
1791322163.2900,5.9069,0.204729,0.103834,0.702837,-0.673294,1.59306,-1.12884,-1.40215,3.83967,3.30015,-0.79075,-0.17793,0.08114,0.06546,0.42760,0.90392,0.00952
1791322163.3089,5.9258,0.172323,0.122583,0.682624,-0.699502,1.47765,-1.14996,-1.59199,3.62964,2.72369,-1.33665,-0.10159,0.10327,0.11908,0.40676,0.91275,-0.03800
1791322163.3249,5.9419,0.139909,0.135472,0.666231,-0.719867,1.37523,-1.17138,-1.75996,2.30198,2.43016,-1.65830,-0.03784,0.18943,0.10162,0.38147,0.92129,-0.07557
1791322163.3753,5.9923,0.109342,0.145432,0.662119,-0.726975,1.34750,-1.19683,-1.84604,0.13958,2.92915,-1.60350,-0.01194,0.22841,0.13478,0.35624,0.93088,-0.08090
1791322163.3761,5.9931,0.074640,0.155080,0.672467,-0.719839,1.42514,-1.23755,-1.83187,-0.65358,3.13643,-2.41734,0.06105,-0.02540,0.20146,0.32365,0.94498,-0.04748
1791322163.4187,6.0356,0.033971,0.159722,0.681612,-0.713260,1.49874,-1.29234,-1.82267,-0.15928,2.92029,-3.12062,0.14287,-0.20232,0.22042,0.27416,0.96148,-0.01979
1791322163.4190,6.0359,-0.006256,0.142814,0.688837,-0.710681,1.51829,-1.37490,-1.83553,-0.23293,0.65049,-4.99535,0.32310,-0.18449,0.23758,0.19437,0.98087,-0.01021
1791322163.4324,6.0494,-0.042784,0.109689,0.698810,-0.705551,1.57853,-1.47566,-1.77936,-0.84916,-0.24776,-5.02418,0.38870,-0.23897,0.30293,0.09499,0.99548,0.00073
1791322163.4437,6.0607,-0.071574,0.072023,0.713237,-0.693530,-3.06261,-1.54291,-0.12447,-1.98480,-0.78569,-4.84866,0.45508,-0.40115,0.19205,-0.00220,0.99961,0.02779
1791322163.4680,6.0850,-0.101324,0.030547,0.731876,-0.673169,-2.16966,-1.44066,0.78476,-2.34687,-0.73814,-5.86782,0.54695,-0.49004,0.12531,-0.10719,0.99154,0.07315
1791322163.4836,6.1006,-0.131908,-0.019040,0.751217,-0.646459,-2.09690,-1.31021,0.88353,-2.93514,-2.01472,-6.26860,0.53499,-0.54176,0.02350,-0.22280,0.96624,0.12938
1791322163.5242,6.1411,-0.151051,-0.078960,0.774481,-0.609203,-2.14182,-1.16751,0.89566,-4.25756,-3.78713,-6.33689,0.40285,-0.51440,-0.02771,-0.33018,0.91978,0.21211
1791322163.5248,6.1418,-0.163789,-0.149576,0.801184,-0.555791,-2.22467,-1.00021,0.89598,-5.37096,-4.64967,-7.47384,0.40297,-0.38660,0.08679,-0.42872,0.84158,0.32854
1791322163.5807,6.1976,-0.169227,-0.217416,0.824109,-0.494911,-2.31264,-0.83625,0.90199,-5.21581,-5.11296,-6.39901,0.34081,-0.34294,0.16695,-0.49413,0.74214,0.45285
1791322163.5807,6.1976,-0.173165,-0.283329,0.839729,-0.429644,-2.38926,-0.67314,0.92547,-5.06065,-5.57625,-5.32418,0.25339,-0.28003,0.25345,-0.53428,0.62344,0.57084
1791322163.5874,6.2044,-0.158213,-0.345933,0.851591,-0.360682,-2.49652,-0.52920,0.95233,-4.73374,-6.74535,-5.31484,0.11802,-0.09738,0.34437,-0.51901,0.50484,0.68975
1791322163.6039,6.2209,-0.133120,-0.405797,0.859312,-0.281406,-2.62573,-0.38504,0.98514,-5.35465,-7.86339,-4.95465,-0.06681,0.08318,0.38333,-0.45717,0.37559,0.80618
1791322163.6225,6.2395,-0.101993,-0.462569,0.858290,-0.197396,-2.76378,-0.24699,1.03608,-5.01061,-7.48516,-5.39345,-0.18832,0.17413,0.49513,-0.35770,0.24449,0.90126
1791322163.7058,6.3228,-0.087084,-0.508257,0.844476,-0.144746,-2.83914,-0.15659,1.10748,-3.66276,-6.02360,-3.97129,-0.21204,0.20206,0.44452,-0.29422,0.15595,0.94293
1791322163.7059,6.3228,-0.071715,-0.551265,0.826210,-0.091332,-2.92002,-0.07191,1.18478,-2.31490,-4.56204,-2.54914,-0.24728,0.22555,0.40547,-0.21920,0.07185,0.97303
1791322163.7063,6.3233,-0.055968,-0.591366,0.803587,-0.037437,-3.00696,0.00603,1.26844,-0.96705,-3.10047,-1.12698,-0.29248,0.24281,0.37862,-0.13423,-0.00603,0.99093
1791322163.7063,6.3233,-0.036716,-0.604316,0.795827,-0.010617,-3.07023,0.02748,1.29794,-0.16339,-2.96181,-1.10277,-0.06407,0.05094,0.15996,-0.07127,-0.02748,0.99708
1791322163.7327,6.3497,-0.013548,-0.614861,0.788494,0.006284,-3.12795,0.02657,1.32441,0.62507,-2.88601,-1.02116,-0.05035,-0.03583,0.09073,-0.01364,-0.02657,0.99955
1791322163.7569,6.3739,0.015748,-0.618790,0.785216,0.016943,3.09588,0.00712,1.33499,1.15652,-3.31908,0.19794,-0.13206,0.09471,0.11367,0.04570,-0.00712,0.99893
1791322163.7616,6.3785,0.051318,-0.616903,0.784846,0.028513,3.02558,-0.01856,1.33124,1.44351,-3.50650,-0.26444,-0.10936,0.05500,0.20597,0.11573,0.01856,0.99311
1791322163.7833,6.4003,0.085225,-0.617235,0.780805,0.045843,2.95065,-0.03363,1.33464,1.73329,-2.07022,-0.65348,-0.15861,0.20600,0.27766,0.18968,0.03362,0.98127
1791322163.8763,6.4933,0.111649,-0.618990,0.775782,0.050475,2.90320,-0.05994,1.33973,1.08306,-2.11129,-0.38331,-0.18309,0.12569,0.09909,0.23572,0.05990,0.96997
1791322163.8768,6.4938,0.131833,-0.631378,0.762744,0.046945,2.87694,-0.09500,1.37024,1.06477,-1.77035,-1.33487,-0.14113,0.05730,0.04819,0.26039,0.09486,0.96083
1791322163.8769,6.4938,0.151920,-0.643296,0.749139,0.043380,2.85167,-0.13084,1.39994,1.04649,-1.42942,-2.28643,-0.09754,-0.01173,-0.00110,0.28343,0.13046,0.95008
1791322163.8770,6.4940,0.171893,-0.654736,0.734976,0.039783,2.82736,-0.16739,1.42887,1.02820,-1.08848,-3.23799,-0.05226,-0.08131,-0.04880,0.30477,0.16661,0.93774
1791322163.8881,6.5050,0.183774,-0.675566,0.713236,0.033634,2.82223,-0.20169,1.48397,0.79993,-0.46195,-2.36185,-0.09032,0.23815,0.03504,0.30759,0.20032,0.93019
1791322163.9022,6.5192,0.191837,-0.684900,0.702613,0.021102,2.82962,-0.23529,1.50810,1.51900,0.78749,-0.78442,-0.08201,0.24397,0.01536,0.29848,0.23312,0.92551
1791322163.9215,6.5384,0.196230,-0.686392,0.700244,0.004175,2.84650,-0.26668,1.51095,0.69709,0.13576,-0.83864,0.03652,-0.19456,0.11315,0.28055,0.26353,0.92295
1791322163.9755,6.5925,0.190053,-0.688196,0.700129,-0.009230,2.87490,-0.27808,1.51607,0.21484,0.91378,0.75444,-0.01735,-0.14368,-0.02156,0.25342,0.27451,0.92759
1791322163.9755,6.5925,0.183834,-0.689847,0.699859,-0.022634,2.90346,-0.28934,1.52153,-0.26740,1.69180,2.34752,-0.07101,-0.09263,-0.15543,0.22609,0.28532,0.93139
1791322164.0025,6.6195,0.176114,-0.675548,0.715396,-0.028767,2.91779,-0.28286,1.48152,0.18481,0.89205,1.96712,0.24451,0.17510,-0.10233,0.21312,0.27911,0.93631
1791322164.0042,6.6212,0.176343,-0.663372,0.726643,-0.028819,2.91276,-0.27947,1.44750,0.41259,-0.17733,1.32318,0.09806,0.21883,-0.00155,0.21804,0.27584,0.93615
1791322164.0732,6.6901,0.178228,-0.639410,0.747208,-0.032714,2.90577,-0.28047,1.38218,0.65430,0.44233,2.68580,0.07111,0.00752,0.07821,0.22451,0.27681,0.93433
1791322164.0745,6.6915,0.179931,-0.614798,0.767014,-0.036575,2.89873,-0.28104,1.31685,0.89601,1.06199,4.04842,0.04409,-0.20336,0.15792,0.23105,0.27735,0.93257
1791322164.1787,6.7957,0.204835,-0.521369,0.828046,0.023584,2.76313,-0.17543,1.09017,0.27254,-0.19060,1.50931,0.01405,-0.13359,-0.02627,0.36382,0.17453,0.91497
1791322164.1985,6.8155,0.205388,-0.513303,0.832878,0.025507,2.75866,-0.16917,1.07177,-0.03384,-0.08701,1.11331,-0.10641,-0.12564,-0.09350,0.36831,0.16836,0.91433
1791322164.2190,6.8359,0.208884,-0.504327,0.837287,0.031186,2.74516,-0.15914,1.05224,0.02102,-0.49925,0.88608,-0.02624,-0.00231,-0.06419,0.38125,0.15847,0.91079
1791322164.2452,6.8622,0.213908,-0.498061,0.839662,0.033848,2.73245,-0.15688,1.03815,0.45276,-0.41035,0.29201,0.04438,0.09985,-0.00367,0.39294,0.15624,0.90620
1791322164.2768,6.8937,0.222923,-0.495669,0.838830,0.031317,2.71814,-0.16926,1.03095,0.95145,-0.92376,-0.26480,-0.06401,0.01891,0.13250,0.40503,0.16845,0.89865
1791322164.3584,6.9753,0.223990,-0.499324,0.836413,0.030289,2.71788,-0.17389,1.03890,0.83083,-0.49444,-0.05231,-0.06077,0.04849,0.11725,0.40494,0.17302,0.89782
1791322164.3584,6.9754,0.225052,-0.502968,0.833977,0.029261,2.71766,-0.17853,1.04687,0.71022,-0.06512,0.16017,-0.05749,0.07808,0.10201,0.40481,0.17758,0.89699
1791322164.3585,6.9755,0.226110,-0.506602,0.831524,0.028232,2.71747,-0.18317,1.05484,0.58960,0.36420,0.37266,-0.05416,0.10767,0.08677,0.40464,0.18214,0.89615
1791322164.3586,6.9755,0.227162,-0.510224,0.829053,0.027202,2.71732,-0.18781,1.06281,0.46899,0.79352,0.58514,-0.05079,0.13726,0.07154,0.40442,0.18670,0.89531
1791322164.3591,6.9761,0.226851,-0.502967,0.833675,0.023430,2.72002,-0.19028,1.04487,0.94864,0.45842,1.79355,-0.07089,0.12981,0.09195,0.40181,0.18913,0.89598
1791322164.3770,6.9939,0.232830,-0.481325,0.844829,0.019485,2.70825,-0.19240,0.99325,1.48718,-0.42381,3.02989,-0.07205,0.00950,0.09514,0.41216,0.19121,0.89082
1791322164.4854,7.1024,0.273888,-0.425532,0.861872,0.032934,2.60861,-0.17725,0.86873,1.64033,-2.08737,4.02930,-0.04237,-0.02523,0.03130,0.50014,0.17633,0.84780
1791322164.4855,7.1025,0.313502,-0.367497,0.874373,0.046210,2.51199,-0.15018,0.74678,1.79348,-3.75092,5.02870,-0.00678,-0.04813,-0.02693,0.58220,0.14961,0.79916
1791322164.4859,7.1029,0.351463,-0.307525,0.882265,0.059242,2.41980,-0.11187,0.62853,1.94664,-5.41448,6.02811,0.03647,-0.05977,-0.08056,0.65660,0.11163,0.74593
1791322164.4859,7.1029,0.387573,-0.245932,0.885509,0.071961,2.33311,-0.06323,0.51475,2.09979,-7.07803,7.02752,0.08893,-0.06094,-0.13071,0.72179,0.06319,0.68922
1791322164.4860,7.1030,0.445714,-0.171953,0.873278,0.095691,2.19496,0.01385,0.39593,1.85158,-9.03190,7.74308,0.08127,-0.10015,-0.14729,0.81137,-0.01385,0.58437
1791322164.5775,7.1944,0.549602,-0.108753,0.812006,0.163571,1.92418,0.14662,0.36857,1.03900,-9.47970,7.47422,-0.03909,-0.07008,-0.06622,0.92814,-0.14610,0.34236
1791322164.5775,7.1945,0.640769,-0.043036,0.731938,0.227664,1.64913,0.28184,0.37829,0.22642,-9.92750,7.20537,-0.07214,-0.04025,0.04004,0.95760,-0.27812,0.07517
1791322164.5779,7.1949,0.717102,0.023678,0.634925,0.286487,1.35928,0.40907,0.42801,-0.58616,-10.37531,6.93651,-0.01518,-0.02280,0.14690,0.89704,-0.39776,-0.19262
1791322164.5783,7.1953,0.776834,0.089844,0.523215,0.338678,1.04505,0.51667,0.52021,-1.39874,-10.82311,6.66765,0.12622,-0.02875,0.22970,0.75205,-0.49399,-0.43635
1791322164.6024,7.2194,0.811818,0.144116,0.420725,0.378383,0.75961,0.58522,0.63295,-0.57007,-8.25467,4.20020,0.33779,0.02998,0.34711,0.57404,-0.55238,-0.60444
1791322164.6040,7.2209,0.829724,0.180755,0.347307,0.397823,0.55771,0.61418,0.71307,0.05122,-5.74522,2.43192,0.35241,-0.04701,0.23046,0.43252,-0.57629,-0.69341
1791322164.6356,7.2525,0.842471,0.203219,0.292393,0.404291,0.41442,0.61730,0.76100,-0.24471,-5.12917,1.31114,0.22390,-0.21294,0.10660,0.32835,-0.57884,-0.74642
1791322164.6492,7.2661,0.855141,0.219583,0.245273,0.400448,0.30156,0.60893,0.78050,-0.47163,-4.91657,0.34006,0.09003,-0.13272,-0.09758,0.24362,-0.57199,-0.78325
1791322164.6558,7.2728,0.866212,0.236558,0.199081,0.392534,0.19432,0.60178,0.79049,-0.27730,-4.95568,0.49585,0.06766,-0.10096,-0.10916,0.15918,-0.56611,-0.80881
1791322164.6789,7.2959,0.872912,0.252362,0.154368,0.387954,0.08909,0.59481,0.80911,-0.48204,-4.44134,0.86466,0.09405,-0.04076,-0.10657,0.07369,-0.56035,-0.82497
1791322164.7258,7.3428,0.877048,0.267391,0.112009,0.383070,-0.01008,0.58817,0.82665,0.20141,-4.85027,0.41965,0.10736,-0.06668,-0.10821,-0.00838,-0.55484,-0.83191
1791322164.7259,7.3428,0.881137,0.289871,0.071413,0.366705,-0.10517,0.59826,0.82120,0.58325,-4.61049,-1.15251,0.10158,0.03677,-0.05251,-0.08674,-0.56321,-0.82175
1791322164.7779,7.3949,0.899707,0.290462,0.043693,0.322878,-0.13091,0.58341,0.72847,-2.21154,-4.36262,-2.13149,0.08337,0.01378,-0.03521,-0.10895,-0.55088,-0.82745
1791322164.7782,7.3952,0.915547,0.290170,0.015840,0.278072,-0.15795,0.57060,0.63615,-5.00633,-4.11476,-3.11047,0.06637,-0.00761,-0.01995,-0.13237,-0.54014,-0.83110
1791322164.7783,7.3953,0.937530,0.257470,-0.018831,0.233221,-0.17742,0.49381,0.53245,-6.33256,-3.75380,-3.73050,0.08113,0.02316,0.04664,-0.15540,-0.47399,-0.86671
1791322164.7946,7.4116,0.962168,0.200619,-0.057151,0.175267,-0.19498,0.37473,0.39745,-8.48826,-4.00280,-5.63656,0.18982,0.01473,-0.10312,-0.18030,-0.36603,-0.91297
1791322164.8736,7.4906,0.985007,0.100614,-0.130587,0.050843,-0.27566,0.18600,0.12902,-5.84653,-3.46971,-4.87255,0.22046,0.05548,0.01333,-0.26749,-0.18493,-0.94565
1791322164.8736,7.4906,0.977431,0.151211,-0.094240,0.113501,-0.22927,0.27776,0.26339,-7.16739,-3.73626,-5.25455,0.19980,0.03383,-0.03770,-0.21855,-0.27420,-0.93651
1791322164.8738,7.4907,0.984836,0.049225,-0.165907,-0.012216,-0.33340,0.10118,-0.00777,-4.52566,-3.20317,-4.49054,0.25028,0.08247,0.04967,-0.32558,-0.10101,-0.94010
1791322164.8761,7.4931,0.978001,0.009788,-0.195462,-0.072205,-0.39124,0.04739,-0.13800,-4.41362,-3.07180,-5.27615,0.19921,0.08577,-0.05565,-0.38091,-0.04737,-0.92340
1791322164.9024,7.5193,0.964783,-0.028777,-0.224555,-0.133939,-0.45672,0.00463,-0.27482,-4.57436,-3.48268,-4.93187,0.07797,0.01144,-0.12659,-0.44100,-0.00463,-0.89749
1791322164.9246,7.5416,0.944059,-0.066999,-0.259809,-0.191735,-0.54267,-0.02688,-0.40822,-4.25115,-5.02225,-4.99476,0.07205,0.05764,-0.22103,-0.51624,0.02687,-0.85602
1791322164.9376,7.5546,0.915011,-0.101214,-0.305287,-0.243538,-0.65403,-0.03653,-0.53265,-3.45636,-5.66347,-4.95620,0.08004,0.04178,-0.16571,-0.60798,0.03653,-0.79311
1791322164.9588,7.5758,0.878077,-0.131333,-0.354716,-0.293103,-0.77554,-0.02271,-0.65362,-3.39978,-5.98559,-5.30599,0.16259,0.02801,-0.09451,-0.69992,0.02270,-0.71386
1791322164.9739,7.5908,0.833383,-0.159492,-0.402853,-0.343139,-0.89620,0.01063,-0.77606,-3.58983,-5.83601,-5.59432,0.18854,0.01020,0.00722,-0.78092,-0.01063,-0.62454
1791322165.0253,7.6422,0.770338,-0.192880,-0.445303,-0.413621,-1.01178,0.07127,-0.94602,-4.61725,-5.98562,-6.70003,0.13071,-0.02025,0.00826,-0.84563,-0.07121,-0.52901
1791322165.0256,7.6425,0.698156,-0.223981,-0.482472,-0.479198,-1.11625,0.15022,-1.10915,-5.64467,-6.13523,-7.80574,0.05088,-0.03284,0.00994,-0.88834,-0.14965,-0.43411
1791322165.0540,7.6709,0.624711,-0.247176,-0.514513,-0.532838,-1.20381,0.24183,-1.24584,-3.37696,-5.23812,-6.14155,0.06631,-0.07143,0.09383,-0.90625,-0.23948,-0.34836
1791322165.0558,7.6727,0.565410,-0.259593,-0.542007,-0.564935,-1.27346,0.32451,-1.32903,-1.81967,-4.09633,-4.66046,0.13792,-0.05561,0.06219,-0.90622,-0.31884,-0.27768
1791322165.0839,7.7009,0.522329,-0.264186,-0.563842,-0.582632,-1.32544,0.39092,-1.37321,-0.77489,-2.86000,-3.33249,0.13072,-0.03370,0.07857,-0.89687,-0.38104,-0.22458
1791322165.0923,7.7093,0.488129,-0.264639,-0.580515,-0.595566,-1.36301,0.44795,-1.40300,-0.69739,-2.10697,-2.94493,0.11186,0.03030,0.04855,-0.88195,-0.43311,-0.18594
1791322165.1179,7.7348,0.458965,-0.263271,-0.591198,-0.608707,-1.38489,0.49846,-1.43337,-1.54409,-1.87356,-2.39231,-0.00348,0.06206,-0.01003,-0.86319,-0.47807,-0.16235
1791322165.1339,7.7509,0.431593,-0.269774,-0.596389,-0.620701,-1.40396,0.53227,-1.47327,-1.90807,-1.90055,-1.23539,0.00836,0.04639,0.04688,-0.84969,-0.50749,-0.14309
1791322165.1567,7.7737,0.404910,-0.286632,-0.596070,-0.631340,-1.42377,0.54747,-1.52569,-2.67034,-2.50701,-0.66420,0.08726,0.07588,0.02384,-0.84463,-0.52052,-0.12509
1791322165.2252,7.8421,0.391855,-0.301367,-0.589362,-0.638968,-1.42582,0.54332,-1.56870,-2.10820,-1.58077,-0.47235,0.05889,0.05570,0.02071,-0.84702,-0.51698,-0.12366
1791322165.2254,7.8424,0.378607,-0.315955,-0.582364,-0.646283,-1.42808,0.53926,-1.61162,-1.54606,-0.65453,-0.28050,0.03048,0.03558,0.01740,-0.84937,-0.51350,-0.12205
1791322165.2257,7.8426,0.365173,-0.330387,-0.575081,-0.653280,-1.43053,0.53528,-1.65444,-0.98392,0.27172,-0.08865,0.00204,0.01553,0.01390,-0.85168,-0.51008,-0.12025
1791322165.2385,7.8554,0.363862,-0.331142,-0.566744,-0.660871,-1.40953,0.53299,-1.67876,-0.64123,1.44208,-0.07174,0.03246,0.04281,0.03235,-0.85012,-0.50811,-0.13829
1791322165.2563,7.8733,0.373738,-0.321208,-0.555484,-0.669763,-1.36496,0.52821,-1.69093,-0.33212,2.60338,0.64068,0.01468,0.09491,0.08148,-0.84548,-0.50399,-0.17653
1791322165.2750,7.8920,0.398411,-0.315797,-0.536884,-0.673273,-1.31394,0.49077,-1.69133,-0.58040,2.64330,2.92103,0.02721,0.04113,0.05054,-0.85304,-0.47130,-0.22406
1791322165.3254,7.9424,0.432125,-0.319287,-0.514016,-0.668664,-1.27270,0.42406,-1.67865,-0.47609,2.63789,2.98769,0.03728,-0.04108,-0.02449,-0.87123,-0.41146,-0.26769
1791322165.3255,7.9425,0.465107,-0.322237,-0.490277,-0.662923,-1.23167,0.35787,-1.66339,-0.37178,2.63249,3.05435,0.04122,-0.12463,-0.09926,-0.88330,-0.35028,-0.31158
1791322165.3546,7.9715,0.501219,-0.313670,-0.462470,-0.660691,-1.16673,0.30120,-1.64396,0.16247,4.47557,2.97530,-0.05210,-0.12365,-0.05633,-0.87808,-0.29666,-0.37547
1791322165.3548,7.9718,0.554893,-0.283591,-0.428468,-0.654281,-1.06221,0.24850,-1.58835,2.29248,7.95506,4.97696,-0.06103,-0.15560,0.07518,-0.84661,-0.24595,-0.47198
1791322165.3859,8.0029,0.634037,-0.237481,-0.388479,-0.625048,-0.93279,0.18556,-1.46290,4.21496,5.57402,4.63107,-0.01663,0.22135,-0.06427,-0.78949,-0.18449,-0.58537
1791322165.3924,8.0094,0.692293,-0.201403,-0.373284,-0.583803,-0.86554,0.15764,-1.32822,4.37687,2.72494,5.62856,-0.11556,0.19385,-0.08269,-0.75200,-0.15699,-0.64019
1791322165.4113,8.0282,0.743045,-0.177681,-0.370024,-0.528579,-0.83868,0.12747,-1.17975,4.57325,2.35458,6.02747,-0.05459,0.18409,-0.08634,-0.73773,-0.12712,-0.66302
1791322165.4354,8.0524,0.788403,-0.149567,-0.360696,-0.475341,-0.79669,0.10727,-1.03994,4.21051,3.24923,4.75694,0.02154,0.18642,-0.14657,-0.71094,-0.10707,-0.69506
1791322165.4733,8.0903,0.824036,-0.114575,-0.345267,-0.434313,-0.73787,0.11131,-0.92704,4.13146,3.65647,3.22024,0.00404,0.09202,-0.11747,-0.66855,-0.11108,-0.73533
1791322165.4736,8.0906,0.856277,-0.075179,-0.329277,-0.390786,-0.67882,0.12896,-0.81070,4.94855,3.78380,5.16218,-0.16544,-0.11914,0.04117,-0.62266,-0.12861,-0.77185
1791322165.5052,8.1222,0.892801,-0.039627,-0.309685,-0.324703,-0.62326,0.13073,-0.65547,4.56874,4.45432,6.86697,-0.05717,-0.12846,-0.03490,-0.57871,-0.13035,-0.80505
1791322165.5267,8.1436,0.927220,-0.014684,-0.276526,-0.252153,-0.55097,0.11246,-0.49923,2.48987,4.68756,6.54014,0.10169,0.00867,-0.08072,-0.52021,-0.11222,-0.84664
1791322165.5372,8.1541,0.952899,-0.000234,-0.238320,-0.187581,-0.47359,0.08908,-0.36723,1.81586,3.67733,5.82602,0.08577,0.03609,-0.03811,-0.45428,-0.08896,-0.88641
1791322165.5516,8.1686,0.971868,0.005615,-0.199310,-0.125361,-0.39707,0.06092,-0.24430,1.11511,4.62900,7.22295,-0.25815,-0.13635,0.11657,-0.38600,-0.06089,-0.92049
1791322165.5700,8.1870,0.987301,0.001601,-0.150885,-0.049682,-0.30242,0.01815,-0.09779,0.37139,5.35642,7.29934,0.04444,-0.05902,0.08096,-0.29778,-0.01815,-0.95446
1791322165.6963,8.3133,0.993744,-0.010340,-0.110658,-0.010942,-0.22201,-0.01813,-0.02404,0.04106,4.76144,6.14890,0.04527,-0.05702,0.08822,-0.22016,0.01813,-0.97530
1791322165.6963,8.3133,0.996906,-0.022246,-0.070065,0.027834,-0.13907,-0.04827,0.05246,-0.28927,4.16647,4.99845,0.04202,-0.04887,0.08855,-0.13846,0.04825,-0.98919
1791322165.6965,8.3134,0.993350,-0.045799,0.011680,0.104983,0.03296,-0.08865,0.21205,-0.94993,2.97651,2.69756,0.02764,-0.01259,0.06774,0.03282,0.08854,-0.99553
1791322165.6965,8.3135,0.986645,-0.057368,0.052563,0.143101,0.12102,-0.09832,0.29403,-1.28026,2.38154,1.54712,0.01877,0.01606,0.04653,0.12014,0.09816,-0.98789
1791322165.6980,8.3150,0.981339,-0.069965,0.074561,0.162848,0.17105,-0.11328,0.33861,-1.10717,1.51011,1.24929,0.04749,-0.02738,0.11330,0.16913,0.11303,-0.97909
1791322165.7174,8.3343,0.976355,-0.082086,0.089200,0.178984,0.20673,-0.12871,0.37598,-1.25132,1.79778,1.74828,0.07321,-0.02581,0.03467,0.20357,0.12836,-0.97061
1791322165.7287,8.3457,0.971333,-0.093545,0.103269,0.192604,0.24141,-0.14243,0.40880,-0.82506,1.38952,1.07961,0.03221,0.00798,-0.05946,0.23665,0.14195,-0.96117
1791322165.8057,8.4227,0.966375,-0.095799,0.140733,0.192709,0.31688,-0.13129,0.41467,0.51317,2.90918,0.96611,-0.00292,-0.00667,0.00145,0.30892,0.13091,-0.94203
1791322165.8058,8.4228,0.960031,-0.097915,0.177995,0.192538,0.39218,-0.11975,0.41967,1.85139,4.42885,0.85260,-0.03632,-0.02090,0.05692,0.37947,0.11946,-0.91746
1791322165.8060,8.4229,0.952312,-0.099891,0.215002,0.192090,0.46732,-0.10786,0.42377,3.18961,5.94851,0.73910,-0.06759,-0.03478,0.10710,0.44787,0.10766,-0.88759
1791322165.8297,8.4467,0.940058,-0.082931,0.276415,0.181679,0.58317,-0.05551,0.39849,3.91041,6.68236,0.17403,0.10431,-0.00382,0.03818,0.54983,0.05548,-0.83343
1791322165.8325,8.4495,0.924401,-0.066467,0.337726,0.164333,0.70270,-0.01189,0.35623,2.69292,6.11140,-0.57718,0.15051,-0.00004,-0.04890,0.64624,0.01189,-0.76305
1791322165.8471,8.4641,0.900682,-0.058662,0.402747,0.152073,0.83820,0.01682,0.32704,1.18249,7.07648,0.88324,-0.01816,-0.03263,-0.06004,0.74334,-0.01682,-0.66871
1791322165.8670,8.4840,0.868181,-0.056392,0.468557,0.153417,0.98227,0.04587,0.32527,0.12258,6.98420,1.62502,-0.09589,0.05814,0.03190,0.83089,-0.04585,-0.55455
1791322165.9551,8.5721,0.779088,-0.060523,0.592157,0.196745,1.27216,0.13915,0.39189,-1.27048,7.71370,3.30305,0.03079,0.11626,-0.12974,0.94650,-0.13870,-0.29137
1791322165.9551,8.5721,0.826232,-0.058642,0.532029,0.175633,1.12769,0.09010,0.36191,-0.57395,7.34895,2.46404,-0.04361,0.08490,-0.04487,0.89976,-0.08998,-0.42701
1791322165.9552,8.5722,0.727047,-0.062024,0.648561,0.216620,1.41631,0.19197,0.41462,-1.96701,8.07845,4.14207,0.12850,0.15099,-0.21930,0.96994,-0.19079,-0.15104
1791322165.9554,8.5724,0.672864,-0.062953,0.693438,0.249868,1.53933,0.26491,0.45434,-2.12547,4.79184,4.19226,0.01431,0.08682,-0.22758,0.96464,-0.26182,-0.03036
1791322165.9783,8.5952,0.642633,-0.054762,0.710604,0.281186,1.58765,0.33550,0.48382,-1.17366,1.37505,2.73159,0.09941,0.07421,0.07493,0.94411,-0.32924,0.01591
1791322166.0140,8.6310,0.631062,-0.046561,0.712886,0.302301,1.59315,0.38143,0.50363,-1.02886,-0.00804,2.00661,-0.00272,0.01348,0.10780,0.92790,-0.37225,0.02075
1791322166.0149,8.6318,0.626720,-0.039442,0.708100,0.322894,1.57728,0.42009,0.52874,-1.17794,0.41912,1.23340,0.02023,0.01089,0.15536,0.91303,-0.40784,0.00592
1791322166.0275,8.6444,0.618022,-0.028425,0.702933,0.350892,1.55937,0.47594,0.56203,-1.81300,-0.59095,3.54184,0.34454,0.27835,0.01885,0.88881,-0.45817,-0.01015
1791322166.1056,8.7226,0.621272,-0.001411,0.681757,0.386299,1.48798,0.55268,0.60191,-1.64099,-1.32974,3.21332,0.25842,0.19717,0.00379,0.84820,-0.52497,-0.07041
1791322166.1058,8.7228,0.623004,0.025607,0.658916,0.420762,1.40917,0.62661,0.65049,-1.46897,-2.06854,2.88480,0.18044,0.11063,-0.01159,0.79947,-0.58640,-0.13035
1791322166.1060,8.7229,0.623214,0.052562,0.634465,0.454198,1.32124,0.69692,0.70929,-1.29695,-2.80734,2.55629,0.11012,0.01812,-0.02787,0.74307,-0.64186,-0.18938
1791322166.1062,8.7231,0.626777,0.065173,0.613098,0.476460,1.24365,0.72874,0.76632,-1.66643,-1.01750,1.18655,0.10482,0.07536,0.02351,0.70645,-0.66593,-0.23973
1791322166.1338,8.7508,0.624301,0.063282,0.604852,0.490304,1.21157,0.73709,0.80875,-0.77250,1.05173,0.25440,0.01535,0.10786,0.10560,0.69316,-0.67214,-0.26030
1791322166.1494,8.7663,0.614105,0.054404,0.613083,0.494010,1.23718,0.73766,0.81794,0.06481,2.12134,-0.01985,0.00467,0.03853,0.09924,0.69924,-0.67256,-0.24234
1791322166.1693,8.7862,0.594112,0.039496,0.636835,0.489808,1.31763,0.73527,0.79936,1.38975,4.21272,-0.44244,-0.03485,-0.03875,0.22203,0.71801,-0.67078,-0.18576
1791322166.2559,8.8729,0.572397,0.021473,0.662375,0.482867,1.40740,0.72650,0.77743,0.57683,3.66223,-0.96430,-0.04162,0.02454,0.13054,0.73755,-0.66426,-0.12160
1791322166.2560,8.8729,0.549824,0.003418,0.686923,0.475203,1.49615,0.71632,0.75682,-0.23609,3.11174,-1.48617,-0.04343,0.08671,0.03787,0.75213,-0.65661,-0.05625
1791322166.2561,8.8730,0.526429,-0.014643,0.710443,0.466828,1.58378,0.70482,0.73766,-1.04901,2.56125,-2.00804,-0.04020,0.14780,-0.05560,0.76167,-0.64789,0.00989
1791322166.2564,8.8734,0.513150,-0.049729,0.723177,0.459586,1.63533,0.66072,0.75941,-1.38807,3.44155,-2.79668,-0.01406,0.09885,0.08924,0.78791,-0.61369,0.05092
1791322166.2839,8.9009,0.495431,-0.096988,0.733305,0.455417,1.68598,0.60872,0.80878,-2.18523,4.14977,-2.62013,-0.01962,-0.03094,0.10577,0.81494,-0.57182,0.09429
1791322166.2851,8.9021,0.477160,-0.136433,0.737751,0.457633,1.72139,0.57643,0.86486,-1.79988,2.35973,-1.09649,-0.01113,-0.14859,0.03657,0.82892,-0.54504,0.12578
1791322166.3256,8.9425,0.467818,-0.148881,0.736093,0.465990,1.72427,0.57845,0.89864,-0.90389,0.10801,0.50078,0.04318,-0.12711,0.01838,0.82747,-0.54673,0.12800
1791322166.3259,8.9429,0.465204,-0.148894,0.727752,0.481449,1.69638,0.59707,0.93350,-1.83224,-0.73823,0.61432,0.05954,-0.10107,0.09772,0.82048,-0.56222,0.10359
1791322166.4332,9.0501,0.451955,-0.169705,0.730695,0.482723,1.72180,0.58482,0.96271,-1.11486,0.83797,0.76299,0.01654,-0.13048,0.12856,0.82432,-0.55205,0.12543
1791322166.4334,9.0504,0.438425,-0.190410,0.733186,0.483699,1.74744,0.57320,0.99204,-0.39747,2.41418,0.91167,-0.02539,-0.15946,0.15903,0.82710,-0.54232,0.14764
1791322166.4337,9.0507,0.424625,-0.210998,0.735224,0.484375,1.77328,0.56221,1.02151,0.31991,3.99039,1.06034,-0.06624,-0.18796,0.18920,0.82879,-0.53306,0.17015
1791322166.4339,9.0508,0.410562,-0.231455,0.736806,0.484752,1.79932,0.55187,1.05110,1.03729,5.56660,1.20902,-0.10601,-0.21599,0.21912,0.82940,-0.52428,0.19291
1791322166.4341,9.0511,0.355107,-0.246082,0.771264,0.467433,1.95095,0.57789,1.01506,0.81107,8.91966,2.39444,0.06042,-0.19949,0.30987,0.77782,-0.54626,0.31081
1791322166.4435,9.0605,0.321529,-0.274110,0.786184,0.450995,2.04506,0.56198,1.01992,-0.39120,4.61630,-1.01605,-0.11519,-0.28330,0.28846,0.75281,-0.53286,0.38645
1791322166.4677,9.0847,0.296276,-0.293564,0.784064,0.459657,2.07145,0.57860,1.06578,-3.17844,1.48650,0.45900,-0.13655,-0.12626,0.05134,0.73448,-0.54685,0.40187
1791322166.4837,9.1007,0.273278,-0.297432,0.774098,0.487468,2.05537,0.63370,1.12451,-2.92001,0.47043,0.74352,0.03993,0.32367,-0.34282,0.71306,-0.59213,0.37539
1791322166.5228,9.1398,0.261794,-0.304098,0.767308,0.500227,2.04513,0.65409,1.16319,-1.36782,0.62903,0.34624,0.09749,0.15040,-0.08644,0.70599,-0.60843,0.36247
1791322166.5234,9.1404,0.250956,-0.309190,0.766156,0.504408,2.05373,0.66585,1.17946,-0.72810,1.59270,0.16125,-0.02211,-0.01151,0.03399,0.69646,-0.61772,0.36519
1791322166.5463,9.1633,0.230014,-0.325021,0.764646,0.506725,2.08039,0.67566,1.21038,-1.92690,2.91642,-0.36131,0.03080,0.07654,-0.00791,0.68115,-0.62541,0.38065
1791322166.5622,9.1791,0.188014,-0.354766,0.754881,0.518601,2.11157,0.70701,1.29042,-3.67537,4.72837,-1.79031,0.30597,0.28359,0.11827,0.65182,-0.64956,0.39141
1791322166.6132,9.2301,0.136530,-0.393143,0.730430,0.541544,2.11242,0.75291,1.42732,-3.31706,3.27802,-3.03106,0.35322,0.22467,0.15028,0.62526,-0.68377,0.37618
1791322166.6136,9.2306,0.121458,-0.430738,0.704864,0.550344,2.08523,0.73583,1.53953,-2.07936,1.89616,-3.04839,-0.07302,-0.06303,-0.04165,0.64533,-0.67120,0.36474
1791322166.6251,9.2420,0.101307,-0.457083,0.681557,0.562398,2.05961,0.73961,1.63912,-7.74336,3.21176,1.20945,-0.49255,-0.26657,-0.34063,0.65222,-0.67400,0.34689
1791322166.7306,9.3476,0.059789,-0.499472,0.655964,0.562729,2.08224,0.74577,1.75185,-6.20489,3.39558,0.64217,-0.36841,-0.20614,-0.26511,0.64057,-0.67854,0.35952
1791322166.7307,9.3476,0.018020,-0.539775,0.627631,0.560711,2.10392,0.75376,1.86511,-4.66642,3.57939,0.07488,-0.24327,-0.14439,-0.18799,0.62794,-0.68439,0.37056
1791322166.7309,9.3478,-0.023823,-0.577824,0.596678,0.556352,2.12439,0.76350,1.97907,-3.12794,3.76320,-0.49241,-0.11735,-0.08143,-0.10909,0.61452,-0.69146,0.37981
1791322166.7311,9.3480,-0.065567,-0.613461,0.563233,0.549669,2.14339,0.77488,2.09389,-1.58947,3.94702,-1.05970,0.00913,-0.01736,-0.02826,0.60054,-0.69963,0.38713
1791322166.7313,9.3483,-0.087185,-0.638501,0.547820,0.533487,2.18787,0.76960,2.13588,-1.10816,3.60362,-0.55454,-0.04998,0.12163,-0.22458,0.58574,-0.69584,0.41558
1791322166.7440,9.3609,-0.100441,-0.653763,0.534475,0.526158,2.20395,0.76670,2.17390,-1.39677,1.47896,-0.93942,0.04679,0.13153,-0.31931,0.58060,-0.69377,0.42614
1791322166.7692,9.3861,-0.112676,-0.675498,0.512865,0.517665,2.21519,0.75215,2.23225,-1.42244,4.35666,-1.78525,-0.02973,-0.25599,0.02388,0.58379,-0.68321,0.43865
1791322166.7824,9.3994,-0.150370,-0.709697,0.489537,0.483811,2.30472,0.75752,2.28425,-2.14096,6.10726,0.13980,-0.18459,-0.12448,-0.22933,0.53949,-0.68712,0.48663
1791322166.8128,9.4298,-0.192039,-0.719409,0.476848,0.467106,2.35715,0.80638,2.32021,-3.03974,2.24632,1.12945,-0.06891,0.05540,-0.11416,0.48893,-0.72179,0.48987
1791322166.9074,9.5244,-0.220814,-0.719726,0.461222,0.469586,2.34463,0.84960,2.37816,-2.89321,2.03167,0.77834,-0.05323,0.04965,-0.08975,0.47226,-0.75102,0.46146
1791322166.9074,9.5244,-0.249351,-0.719267,0.445098,0.471559,2.32750,0.89224,2.44000,-2.74669,1.81702,0.42723,-0.03835,0.04212,-0.06319,0.45638,-0.77848,0.43091
1791322166.9077,9.5247,-0.277619,-0.718032,0.428494,0.473024,2.30500,0.93408,2.50654,-2.60016,1.60237,0.07612,-0.02435,0.03271,-0.03463,0.44138,-0.80405,0.39835
1791322166.9079,9.5248,-0.305587,-0.716022,0.411428,0.473979,2.27626,0.97487,2.57873,-2.45363,1.38772,-0.27499,-0.01127,0.02130,-0.00419,0.42730,-0.82763,0.36392
1791322166.9079,9.5249,-0.326096,-0.716284,0.395494,0.473479,2.24941,1.00037,2.64394,-1.88322,1.21334,-0.10652,-0.07410,-0.05018,-0.03622,0.42035,-0.84167,0.33896
1791322166.9219,9.5389,-0.343185,-0.715133,0.382418,0.473882,2.22020,1.02226,2.70244,-2.21984,0.76005,-0.02383,0.00467,0.01757,-0.12045,0.41530,-0.85329,0.31532
1791322166.9749,9.5918,-0.376621,-0.703141,0.358793,0.484785,2.11012,1.07065,2.84664,-2.25433,-0.01285,-0.00613,-0.05207,-0.02087,0.01120,0.41149,-0.87751,0.24628
1791322166.9748,9.5918,-0.359991,-0.709309,0.370696,0.479450,2.16806,1.04744,2.77170,-2.23708,0.37360,-0.01498,-0.02357,-0.00090,-0.05490,0.41326,-0.86615,0.28107
1791322167.0022,9.6192,-0.389528,-0.695359,0.350376,0.491915,2.04797,1.08958,2.91486,-1.43628,-0.29073,0.10416,-0.06592,-0.07301,-0.04935,0.41115,-0.88643,0.21258
1791322167.0030,9.6200,-0.397751,-0.689253,0.345737,0.497182,2.00285,1.10195,2.96115,-0.68164,0.07278,-0.27316,0.05134,0.08088,-0.00404,0.41033,-0.89209,0.18921
1791322167.0256,9.6426,-0.392105,-0.692374,0.344940,0.497884,2.00982,1.08961,2.95204,1.29578,-0.24299,-0.18943,-0.12524,-0.01272,-0.04108,0.41894,-0.88645,0.19673
1791322167.0393,9.6563,-0.394159,-0.692797,0.345434,0.495324,2.01805,1.09374,2.94840,-1.06607,0.23699,0.66181,-0.06526,0.08135,-0.03630,0.41401,-0.88835,0.19859
1791322167.0676,9.6846,-0.402126,-0.687860,0.343166,0.497373,1.98980,1.10748,2.97958,-1.20554,-0.19791,0.16959,0.03623,0.10307,-0.10348,0.40825,-0.89458,0.18183
1791322167.0799,9.6969,-0.416075,-0.680638,0.332311,0.503173,1.91714,1.12164,3.06402,-0.80392,-0.88279,-0.31635,-0.26411,-0.20086,0.07255,0.40842,-0.90081,0.14740
1791322167.1557,9.7727,-0.371746,-0.698661,0.330236,0.514415,1.96048,1.03371,2.98660,1.53139,-0.93450,-1.76080,-0.26520,-0.15348,0.03472,0.47327,-0.85920,0.19436
1791322167.1558,9.7728,-0.326516,-0.714993,0.327362,0.524411,1.98666,0.94459,2.92550,3.86669,-0.98620,-3.20526,-0.26430,-0.11344,0.00145,0.53612,-0.81026,0.23676
1791322167.1559,9.7729,-0.280496,-0.729594,0.323695,0.533138,2.00172,0.85481,2.87448,6.20200,-1.03790,-4.64971,-0.26079,-0.08026,-0.02682,0.59636,-0.75445,0.27417
1791322167.1762,9.7932,-0.202578,-0.753505,0.328047,0.532520,2.05334,0.71375,2.76411,6.87500,-1.91194,-4.22509,-0.09113,-0.07758,0.01815,0.66960,-0.65467,0.35077
1791322167.1794,9.7964,-0.128297,-0.766106,0.338694,0.530950,2.07746,0.58985,2.66300,5.60445,-2.02194,-2.84441,-0.06178,-0.08793,-0.14101,0.72662,-0.55624,0.40326
1791322167.2189,9.8358,-0.054482,-0.772761,0.352847,0.524758,2.09174,0.47184,2.56158,8.20905,-1.55904,-3.39154,-0.00540,0.04170,0.13585,0.77258,-0.45452,0.44332
1791322167.2695,9.8865,0.030078,-0.773191,0.369329,0.514652,2.09086,0.34016,2.44881,7.55956,-2.86453,-2.94008,-0.02535,0.02848,0.04424,0.81807,-0.33364,0.46846
1791322167.2748,9.8918,0.113171,-0.761568,0.379894,0.512724,2.04832,0.21893,2.34972,6.62277,-4.02464,-2.82374,-0.01170,-0.13404,-0.04755,0.86694,-0.21719,0.44861
1791322167.3367,9.9537,0.186030,-0.743781,0.381535,0.516346,1.98266,0.11755,2.27063,5.06253,-3.44533,-2.98371,-0.04169,-0.18700,-0.05371,0.91005,-0.11728,0.39756
1791322167.3368,9.9537,0.246913,-0.728446,0.376526,0.516361,1.92299,0.02913,2.20778,4.23925,-2.89691,-2.81846,-0.07439,-0.05856,-0.00446,0.93822,-0.02912,0.34481
1791322167.3380,9.9550,0.302949,-0.714281,0.369774,0.511167,1.86952,-0.05478,2.14575,4.43684,-2.29142,-3.22816,-0.02628,-0.05907,0.04802,0.95428,0.05475,0.29386
1791322167.3404,9.9574,0.362603,-0.703085,0.363577,0.491937,1.82970,-0.15276,2.06944,5.81026,-0.74752,-4.55775,0.15179,0.09249,0.10110,0.95542,0.15217,0.25303
1791322167.3745,9.9915,0.436001,-0.697789,0.357427,0.441858,1.81298,-0.29696,1.96164,7.27389,1.21744,-6.68194,0.18369,-0.02056,0.06296,0.92833,0.29261,0.22933
1791322167.3780,9.9950,0.505497,-0.691391,0.347797,0.381430,1.79231,-0.44856,1.84849,5.88617,0.94171,-5.49503,-0.09438,-0.31446,0.10386,0.87906,0.43367,0.19797
1791322167.4555,10.0725,0.534092,-0.679243,0.341204,0.370073,1.74832,-0.49271,1.79589,4.12820,0.33949,-3.42575,-0.08932,-0.22830,0.00137,0.86721,0.47302,0.15558
1791322167.4557,10.0726,0.562079,-0.666323,0.334224,0.358294,1.70061,-0.53466,1.73980,2.37024,-0.26274,-1.35647,-0.08210,-0.13934,-0.09930,0.85320,0.50955,0.11138
1791322167.4559,10.0728,0.589427,-0.652645,0.326863,0.346108,1.64897,-0.57414,1.67995,0.61227,-0.86497,0.71281,-0.07278,-0.04741,-0.19836,0.83710,0.54311,0.06557
1791322167.4800,10.0969,0.592021,-0.645447,0.328883,0.353193,1.62932,-0.56086,1.66861,-0.79369,-0.03831,2.17990,-0.03897,-0.02476,-0.17367,0.84535,0.53192,0.04953
1791322167.4808,10.0977,0.569958,-0.649281,0.344322,0.367456,1.66281,-0.50874,1.70075,-2.84215,2.22634,3.68135,-0.01582,-0.09957,-0.07900,0.86966,0.48708,0.08025
1791322167.4974,10.1144,0.513994,-0.671341,0.374554,0.380553,1.77117,-0.41704,1.78129,-6.01615,5.48864,4.42618,-0.01219,-0.15217,-0.09202,0.89600,0.40505,0.18198
1791322167.5174,10.1344,0.415745,-0.718023,0.405593,0.383529,1.95607,-0.28996,1.91715,-9.27138,8.62407,3.87982,-0.04321,-0.15475,-0.08636,0.88801,0.28592,0.36012
1791322167.6320,10.2490,0.327352,-0.751142,0.429273,0.379937,2.09894,-0.16635,2.00752,-8.47110,7.52355,3.76903,-0.09079,-0.15510,-0.11785,0.85182,0.16558,0.49698
1791322167.6321,10.2491,0.235854,-0.777137,0.448882,0.372741,2.22835,-0.03195,2.07831,-7.67081,6.42302,3.65824,-0.11384,-0.14214,-0.12638,0.79108,0.03195,0.61087
1791322167.6322,10.2491,0.142119,-0.795762,0.464234,0.362011,2.34865,0.11015,2.13152,-6.87053,5.32250,3.54745,-0.11463,-0.12094,-0.10764,0.70810,-0.10993,0.69750
1791322167.6325,10.2495,0.047037,-0.806840,0.475183,0.347847,2.46431,0.25752,2.16824,-6.07025,4.22198,3.43665,-0.09633,-0.09687,-0.05836,0.60602,-0.25468,0.75358
1791322167.6328,10.2498,-0.048492,-0.810266,0.481625,0.330385,2.58016,0.40806,2.18818,-5.26996,3.12145,3.32586,-0.06278,-0.07540,0.02360,0.48869,-0.39683,0.77699
1791322167.6366,10.2535,-0.123517,-0.803551,0.488333,0.317144,2.67287,0.53315,2.17965,-4.25142,3.12908,2.98397,-0.01154,-0.03728,0.00056,0.38905,-0.50825,0.76833
1791322167.6580,10.2750,-0.177725,-0.797781,0.491204,0.301128,2.75689,0.61799,2.16199,-2.49010,2.81732,1.85600,0.02545,0.06866,-0.04643,0.30587,-0.57940,0.75547
1791322167.6749,10.2919,-0.210866,-0.794367,0.492810,0.285753,2.82358,0.66449,2.14160,-1.12981,1.91521,1.30618,0.01314,0.10136,-0.06373,0.24615,-0.61665,0.74776
1791322167.7559,10.3728,-0.175790,-0.791139,0.516444,0.276555,2.82642,0.59898,2.08298,1.90429,-0.62155,1.22651,-0.00927,0.02247,-0.06757,0.25601,-0.56380,0.78523
1791322167.7559,10.3729,-0.140382,-0.786420,0.539106,0.266836,2.82469,0.53345,2.02698,4.93839,-3.15832,1.14684,-0.03414,-0.05886,-0.06689,0.26833,-0.50851,0.81818
1791322167.7560,10.3730,-0.104710,-0.780220,0.560751,0.256614,2.81891,0.46810,1.97282,7.97249,-5.69509,1.06716,-0.06135,-0.14222,-0.06144,0.28300,-0.45119,0.84637
1791322167.7563,10.3733,-0.017205,-0.767921,0.588547,0.252219,2.74318,0.32922,1.90079,9.28195,-7.56516,0.22799,-0.10128,-0.22785,-0.23154,0.36712,-0.32331,0.87218
1791322167.7775,10.3944,0.093692,-0.749971,0.604990,0.250502,2.62295,0.16329,1.82740,9.50049,-7.87011,-0.91850,-0.08211,-0.26182,-0.19910,0.48910,-0.16257,0.85694
1791322167.7950,10.4120,0.209299,-0.728070,0.605802,0.243130,2.48849,-0.01019,1.75016,9.27680,-7.38040,-1.91705,-0.06686,-0.21846,-0.11644,0.60762,0.01019,0.79416
1791322167.8175,10.4345,0.314456,-0.702430,0.594945,0.231841,2.35251,-0.16667,1.66658,7.64422,-6.02908,-1.97590,-0.06896,-0.13156,-0.02399,0.69987,0.16590,0.69474
1791322167.9034,10.5203,0.360562,-0.686605,0.587832,0.230265,2.27909,-0.22634,1.62099,5.54728,-4.55262,-1.39350,-0.10277,-0.10436,-0.10188,0.74010,0.22441,0.63395
1791322167.9036,10.5206,0.405792,-0.669112,0.579291,0.228131,2.20180,-0.28247,1.57029,3.45035,-3.07617,-0.81109,-0.13168,-0.07297,-0.17319,0.77543,0.27873,0.56658
1791322167.9040,10.5209,0.450036,-0.649994,0.569342,0.225442,2.12027,-0.33454,1.51427,1.35341,-1.59971,-0.22869,-0.15535,-0.03686,-0.23859,0.80552,0.32833,0.49329
1791322167.9043,10.5213,0.459232,-0.645781,0.566106,0.227152,2.09940,-0.34261,1.50414,-1.57152,0.89491,0.25732,-0.18375,-0.07241,-0.20692,0.81333,0.33594,0.47502
1791322167.9341,10.5511,0.417781,-0.664635,0.574235,0.232324,2.17376,-0.29269,1.56184,-6.55756,5.33603,1.36564,-0.24545,-0.06565,-0.30716,0.78863,0.28853,0.54297
1791322167.9397,10.5566,0.298191,-0.709673,0.597347,0.224993,2.38864,-0.15506,1.68085,-11.27839,15.04571,0.82153,-0.13780,-0.29183,0.00391,0.67559,0.15444,0.72092
1791322167.9552,10.5722,0.096523,-0.784598,0.590094,0.163946,2.76096,0.04204,1.86001,-12.84714,19.28862,-5.04514,0.07865,-0.17501,0.17293,0.37118,-0.04202,0.92761
1791322167.9739,10.5909,-0.076150,-0.858619,0.497078,0.099434,3.04378,0.23169,2.10342,-9.12667,11.66527,-6.37657,-0.62158,-0.01473,0.03780,0.09505,-0.22962,0.96863
1791322167.9975,10.6144,-0.182063,-0.885322,0.422946,0.064616,-3.09883,0.38658,2.24187,-5.66868,6.68741,-4.37373,-0.25928,-0.03944,0.08237,-0.03959,-0.37703,0.92536
1791322168.0781,10.6951,-0.212122,-0.889821,0.400729,0.051379,-3.05497,0.43199,2.27629,-3.86049,4.85671,-2.95076,-0.17908,-0.05117,0.04975,-0.07857,-0.41868,0.90473
1791322168.0784,10.6953,-0.241843,-0.892902,0.377874,0.038061,-3.01189,0.47873,2.30921,-2.05231,3.02601,-1.52780,-0.10162,-0.06258,0.02112,-0.11480,-0.46065,0.88013
1791322168.0786,10.6956,-0.271178,-0.894562,0.354417,0.024682,-2.96947,0.52668,2.34065,-0.24413,1.19531,-0.10484,-0.02713,-0.07394,-0.00370,-0.14806,-0.50267,0.85171
1791322168.0788,10.6958,-0.269588,-0.894773,0.355625,0.015299,-2.95149,0.51590,2.33469,2.24873,-0.46779,1.85107,-0.09926,-0.01531,0.06720,-0.16437,-0.49332,0.85418
1791322168.0937,10.7107,-0.235259,-0.894171,0.380809,0.009763,-2.96167,0.44245,2.29579,5.00958,-2.88421,3.31530,-0.03203,0.00072,0.02838,-0.16172,-0.42816,0.88912
1791322168.1341,10.7511,-0.153294,-0.890431,0.428392,0.010662,-3.02421,0.28601,2.22784,9.69393,-5.57301,5.46013,-0.09536,-0.00424,0.12032,-0.11235,-0.28213,0.95277
1791322168.1463,10.7633,-0.025033,-0.873844,0.485479,0.008971,-3.13295,0.05248,2.12715,12.49530,-7.39654,5.74904,-0.01147,-0.19991,0.12453,-0.00863,-0.05246,0.99859
1791322168.1764,10.7934,0.109307,-0.843317,0.526181,-0.001402,3.02668,-0.18692,2.01513,11.30017,-5.23773,3.46290,0.03360,-0.65001,0.21105,0.11267,0.18584,0.97610
1791322168.1771,10.7941,0.217305,-0.812962,0.539931,-0.018600,2.91941,-0.38268,1.92586,9.14198,-4.22896,2.16221,0.01752,-0.29571,-0.19193,0.20442,0.37341,0.90487
1791322168.2590,10.8760,0.259481,-0.799747,0.541069,-0.017843,2.85774,-0.44931,1.88669,6.18740,-2.90648,1.24557,0.01374,-0.23015,-0.18385,0.25226,0.43435,0.86470
1791322168.2591,10.8761,0.301150,-0.784969,0.541149,-0.017050,2.79099,-0.51351,1.84152,3.23281,-1.58399,0.32892,0.01089,-0.16055,-0.16926,0.29917,0.49124,0.81804
1791322168.2592,10.8761,0.342230,-0.768656,0.540170,-0.016225,2.71827,-0.57477,1.78961,0.27823,-0.26150,-0.58772,0.00932,-0.08646,-0.14854,0.34478,0.54364,0.76523
1791322168.2593,10.8762,0.339948,-0.774211,0.533605,-0.017263,2.72924,-0.57616,1.81089,-3.08618,1.59559,-2.10218,0.04757,-0.15618,-0.18129,0.33607,0.54481,0.76827
1791322168.2722,10.8891,0.286084,-0.801932,0.524040,-0.021042,2.83324,-0.50167,1.90437,-7.49639,4.17744,-2.77845,0.00053,-0.07352,-0.16474,0.26609,0.48089,0.83543
1791322168.3770,10.9940,0.167855,-0.857522,0.485178,-0.032906,3.02901,-0.32553,2.09331,-6.84376,3.94403,-3.66347,0.17405,-0.08377,-0.29769,0.10644,0.31981,0.94148
1791322168.3770,10.9940,0.046484,-0.897059,0.437235,-0.044154,-3.10272,-0.12231,2.23693,-6.19114,3.71062,-4.54848,0.33295,-0.05730,-0.37487,-0.03857,0.12201,0.99178
1791322168.3772,10.9941,-0.075756,-0.919804,0.381106,-0.054576,-2.98201,0.09792,2.34815,-5.53851,3.47721,-5.43349,0.46640,-0.00886,-0.39255,-0.15814,-0.09776,0.98256
1791322168.3774,10.9943,-0.196579,-0.925332,0.317844,-0.063976,-2.88151,0.32904,2.43645,-4.88588,3.24380,-6.31850,0.56550,0.04518,-0.35141,-0.24336,-0.32313,0.91453
1791322168.3776,10.9945,-0.263548,-0.923309,0.271707,-0.064948,-2.84224,0.46831,2.49729,-2.74123,1.48477,-2.86663,0.07695,0.05141,-0.04182,-0.26315,-0.45138,0.85265
1791322168.3938,11.0108,-0.294006,-0.919671,0.252121,-0.064812,-2.82584,0.53297,2.51959,-1.18472,0.58729,-0.90552,-0.02143,0.06321,-0.00703,-0.26746,-0.50810,0.81872
1791322168.4178,11.0348,-0.300997,-0.917977,0.249865,-0.065471,-2.81924,0.54673,2.51897,0.48416,-0.20363,0.54660,-0.03571,-0.00622,0.01404,-0.27062,-0.51990,0.81023
1791322168.4328,11.0497,-0.285857,-0.918390,0.265000,-0.067980,-2.81920,0.51097,2.49486,2.65046,-1.25218,2.84434,-0.16805,-0.11083,0.08003,-0.27637,-0.48903,0.82733
1791322168.5117,11.1287,-0.194655,-0.919741,0.333613,-0.069911,-2.86612,0.31669,2.40140,4.84361,-2.44681,4.32042,-0.07317,-0.28825,0.07756,-0.25848,-0.31142,0.91444
1791322168.5120,11.1290,-0.100917,-0.909108,0.397879,-0.070930,-2.92901,0.12739,2.30290,7.03676,-3.64144,5.79650,-0.00960,-0.47243,0.10708,-0.20927,-0.12705,0.96957
1791322168.5123,11.1293,-0.005863,-0.886627,0.456960,-0.071025,-3.00971,-0.05454,2.19343,9.22991,-4.83606,7.27259,0.02521,-0.65380,0.17145,-0.13130,0.05451,0.98984
1791322168.5125,11.1295,0.100939,-0.853488,0.507641,-0.060591,-3.14062,-0.23600,2.06856,7.76927,-5.44984,5.70957,0.04060,-0.42509,-0.12952,-0.00095,0.23382,0.97228
1791322168.5392,11.1562,0.186979,-0.821974,0.536222,-0.043180,3.00266,-0.36151,1.96010,5.28401,-4.94936,3.94938,-0.03152,-0.16533,-0.20231,0.12954,0.35369,0.92635
1791322168.5551,11.1720,0.248097,-0.795354,0.552512,-0.024307,2.87890,-0.43511,1.86892,4.09176,-4.01518,2.81311,0.06983,0.00123,0.06181,0.23549,0.42151,0.87571
1791322168.5728,11.1897,0.301612,-0.771447,0.560244,-0.005112,2.75807,-0.49052,1.78826,3.08882,-3.69212,1.81956,0.05372,0.06846,-0.08026,0.33007,0.47108,0.81801
1791322168.6809,11.2979,0.158143,-0.831065,0.532854,-0.019715,2.99953,-0.28782,1.98068,-4.91007,3.50745,-3.16707,0.07677,-0.10700,-0.00531,0.13577,0.28386,0.94920
1791322168.6809,11.2979,0.230602,-0.803782,0.548272,-0.012452,2.88662,-0.39452,1.89312,-0.91062,-0.09234,-0.67375,0.06531,-0.02616,-0.05251,0.23285,0.38436,0.89334
1791322168.6811,11.2981,0.084689,-0.853124,0.514087,-0.026853,3.09970,-0.17297,2.05331,-8.90951,7.10723,-5.66039,0.08565,-0.17658,0.06275,0.04126,0.17211,0.98421
1791322168.6811,11.2981,0.010703,-0.869821,0.492089,-0.033823,-3.09320,-0.05193,2.11316,-12.90895,10.70701,-8.15370,0.08958,-0.23771,0.15255,-0.04831,0.05191,0.99748
1791322168.6823,11.2993,-0.112166,-0.898971,0.420854,-0.046379,-2.96041,0.16336,2.25103,-9.29789,6.34748,-9.03196,0.00873,-0.24387,0.45320,-0.17780,-0.16263,0.97054
1791322168.6885,11.3055,-0.185833,-0.912387,0.361405,-0.049009,-2.90454,0.30855,2.35026,-4.47858,3.00410,-5.59342,-0.05294,-0.05803,0.21514,-0.22375,-0.30368,0.92613
1791322168.7342,11.3512,-0.236017,-0.921071,0.305638,-0.050093,-2.88001,0.41606,2.44528,-3.76198,2.70185,-5.38551,-0.07218,0.05164,0.10726,-0.23655,-0.40416,0.88357
1791322168.7397,11.3567,-0.269911,-0.924208,0.265231,-0.051377,-2.86813,0.49117,2.51370,-1.90504,1.55943,-2.93005,-0.07546,0.03582,0.03218,-0.23814,-0.47166,0.84902
1791322168.7754,11.3923,-0.284448,-0.925226,0.245404,-0.053129,-2.86323,0.52392,2.54797,-0.48558,0.60975,-1.01520,-0.10345,0.01773,0.00707,-0.23792,-0.50028,0.83253
1791322168.7759,11.3929,-0.282723,-0.925928,0.244181,-0.055682,-2.86006,0.51941,2.55064,0.99617,-0.18553,0.86081,-0.10234,-0.07166,0.05561,-0.24118,-0.49637,0.83393
1791322168.8253,11.4423,-0.247410,-0.925945,0.278994,-0.059798,-2.86319,0.43875,2.49382,3.39870,-1.61287,3.49415,-0.08890,-0.16416,0.10621,-0.24879,-0.42481,0.87042
1791322168.8254,11.4423,-0.211486,-0.923669,0.313117,-0.063767,-2.87109,0.35837,2.43864,5.80123,-3.04022,6.12750,-0.08162,-0.25916,0.16131,-0.25024,-0.35075,0.90242
1791322168.8322,11.4492,-0.132051,-0.915800,0.373852,-0.064096,-2.91945,0.19518,2.34460,8.43468,-4.44716,7.27637,0.04853,-0.26052,0.05820,-0.21613,-0.19394,0.95691
1791322168.8579,11.4748,-0.031711,-0.893770,0.441977,-0.069466,-2.98879,-0.00472,2.22347,9.32969,-5.04040,8.15999,0.05033,-0.19133,0.05794,-0.15221,0.00472,0.98834
1791322168.8674,11.4844,0.082136,-0.857766,0.504405,-0.055376,-3.12921,-0.19806,2.07966,8.11625,-6.33241,6.81183,-0.00867,-0.29697,0.03412,-0.01214,0.19677,0.98037
1791322168.9769,11.5939,0.116085,-0.845364,0.519721,-0.042118,3.09063,-0.24242,2.03294,4.99987,-3.81355,4.54941,0.00688,-0.32467,-0.06243,0.04945,0.24005,0.96950
1791322168.9769,11.5939,0.149835,-0.831510,0.534145,-0.028788,3.02446,-0.28372,1.98285,1.88349,-1.29469,2.28699,0.02129,-0.34897,-0.15380,0.11219,0.27993,0.95344
1791322168.9771,11.5941,0.183327,-0.816229,0.547653,-0.015409,2.95538,-0.32167,1.92937,-1.23288,1.22417,0.02457,0.03498,-0.36962,-0.24010,0.17565,0.31615,0.93231
1791322168.9773,11.5943,0.216505,-0.799547,0.560220,-0.002003,2.88335,-0.35592,1.87254,-4.34926,3.74304,-2.23785,0.04839,-0.38634,-0.32146,0.23938,0.34846,0.90624
1791322168.9775,11.5945,0.148008,-0.826111,0.543553,-0.013561,2.99770,-0.26228,1.95867,-9.72674,8.68801,-5.77221,0.10842,-0.43823,-0.30194,0.13849,0.25928,0.95582
1791322168.9899,11.6069,-0.016592,-0.871516,0.487882,-0.046435,-3.04430,-0.01639,2.12171,-14.12645,11.94300,-9.55433,0.11603,-0.26054,-0.02835,-0.09713,0.01639,0.99514
1791322169.0304,11.6473,-0.167334,-0.899830,0.398427,-0.059669,-2.89009,0.25640,2.27533,-9.14895,6.65835,-10.69651,0.23992,0.02437,-0.02482,-0.24073,-0.25360,0.93688
1791322169.0310,11.6480,-0.245920,-0.912759,0.320458,-0.060844,-2.84258,0.42238,2.40174,-3.83987,2.97664,-6.04127,-0.25783,-0.09647,0.23938,-0.26868,-0.40994,0.87164
1791322169.1256,11.7425,-0.246770,-0.913775,0.316137,-0.064636,-2.83628,0.42258,2.40946,-1.93302,1.67722,-3.17544,-0.25356,-0.13050,0.22963,-0.27415,-0.41012,0.86985
1791322169.1257,11.7427,-0.247611,-0.914759,0.311805,-0.068427,-2.82997,0.42282,2.41717,-0.02618,0.37779,-0.30961,-0.24931,-0.16449,0.21994,-0.27960,-0.41034,0.86801
1791322169.1261,11.7431,-0.248444,-0.915711,0.307463,-0.072215,-2.82367,0.42311,2.42488,1.88066,-0.92163,2.55621,-0.24507,-0.19844,0.21030,-0.28503,-0.41060,0.86612
1791322169.1263,11.7433,-0.249268,-0.916632,0.303110,-0.076000,-2.81737,0.42344,2.43260,3.78750,-2.22105,5.42204,-0.24086,-0.23236,0.20071,-0.29044,-0.41090,0.86418
1791322169.1265,11.7435,-0.195905,-0.910535,0.355478,-0.078634,-2.84088,0.30559,2.35053,6.65188,-4.45232,7.55897,-0.09881,-0.23723,0.20738,-0.28248,-0.30085,0.91088
1791322169.1566,11.7736,-0.101138,-0.894666,0.429220,-0.071511,-2.92354,0.11987,2.23382,7.99611,-8.04006,8.29027,0.15433,-0.07856,-0.01162,-0.21478,-0.11958,0.96931
1791322169.1668,11.7838,0.009570,-0.861170,0.506271,-0.044535,-3.07440,-0.06162,2.08073,8.20040,-9.49790,9.14481,-0.03800,-0.02257,0.16184,-0.06701,0.06158,0.99585
1791322169.2776,11.8945,0.032655,-0.850768,0.523471,-0.033246,-3.11912,-0.09049,2.03943,5.16069,-5.87249,6.13193,-0.01624,-0.10154,-0.00609,-0.02238,0.09037,0.99566
1791322169.2776,11.8946,0.055705,-0.839460,0.540115,-0.021922,3.11806,-0.11747,1.99675,2.12098,-2.24708,3.11904,0.00441,-0.17855,-0.17139,0.02337,0.11720,0.99283
1791322169.2777,11.8947,0.078696,-0.827258,0.556183,-0.010574,3.07077,-0.14245,1.95272,-0.91873,1.37833,0.10616,0.02413,-0.25349,-0.33408,0.07004,0.14196,0.98739
1791322169.2779,11.8949,0.101603,-0.814176,0.571659,0.000785,3.02224,-0.16530,1.90738,-3.95844,5.00375,-2.90672,0.04313,-0.32625,-0.49416,0.11744,0.16455,0.97935
1791322169.2780,11.8950,0.124401,-0.800227,0.586527,0.012143,2.97252,-0.18592,1.86079,-6.99815,8.62916,-5.91961,0.06160,-0.39674,-0.65169,0.16536,0.18485,0.96875
1791322169.2944,11.9114,0.006569,-0.848562,0.528443,-0.025443,-3.10532,-0.03805,2.02832,-11.15173,12.26340,-12.52068,0.24400,-0.31810,-0.54344,-0.03624,0.03804,0.99862
1791322169.3049,11.9219,-0.119923,-0.894027,0.428654,-0.050896,-2.94360,0.17164,2.23033,-7.71983,7.46938,-11.17165,-0.02649,-0.02496,0.12860,-0.19381,-0.17080,0.96606
1791322169.3262,11.9432,-0.199774,-0.919541,0.332848,-0.061214,-2.87876,0.33276,2.40261,-4.35321,4.38766,-8.74854,-0.10519,-0.07588,0.19559,-0.24557,-0.32665,0.91269
1791322169.4267,12.0436,-0.214124,-0.924000,0.310009,-0.065334,-2.86697,0.36312,2.44346,-3.05835,3.26729,-6.38916,-0.09199,-0.06504,0.15394,-0.25350,-0.35519,0.89976
1791322169.4269,12.0439,-0.228311,-0.927753,0.286934,-0.069404,-2.85640,0.39391,2.48442,-1.76350,2.14692,-4.02979,-0.08042,-0.05414,0.11302,-0.25980,-0.38380,0.88611
1791322169.4271,12.0441,-0.242323,-0.930797,0.263639,-0.073421,-2.84707,0.42508,2.52557,-0.46864,1.02655,-1.67041,-0.07050,-0.04326,0.07279,-0.26445,-0.41240,0.87178
1791322169.4273,12.0443,-0.256150,-0.933129,0.240143,-0.077381,-2.83904,0.45658,2.56701,0.82621,-0.09382,0.68896,-0.06225,-0.03249,0.03320,-0.26744,-0.44088,0.85680
1791322169.4275,12.0445,-0.246352,-0.930262,0.259869,-0.079953,-2.83218,0.42991,2.52871,1.67087,-1.16032,4.03414,-0.20548,-0.09649,0.12512,-0.27679,-0.41679,0.86584
1791322169.4678,12.0848,-0.209492,-0.928015,0.295908,-0.085673,-2.83616,0.34492,2.47064,4.36441,-1.70053,4.02643,-0.10982,-0.00708,0.08884,-0.28299,-0.33812,0.89755
1791322169.4692,12.0862,-0.162165,-0.930742,0.314393,-0.092620,-2.85477,0.24611,2.45437,4.01978,-0.72283,0.80895,0.18915,0.03205,-0.14713,-0.27438,-0.24363,0.93025
1791322169.4837,12.1006,-0.125059,-0.931779,0.326023,-0.099280,-2.86777,0.16912,2.44508,3.46752,-1.36196,2.93873,-0.42571,-0.38194,0.17406,-0.26656,-0.16832,0.94901
1791322169.5234,12.1404,-0.097704,-0.927805,0.346359,-0.098318,-2.88712,0.11344,2.41249,1.65526,-0.91699,1.77012,0.00151,-0.06728,-0.02920,-0.25012,-0.11319,0.96157
1791322169.5236,12.1405,-0.082633,-0.924826,0.358947,-0.094998,-2.90347,0.08474,2.39100,0.81172,-0.83122,1.06960,0.08327,-0.11083,-0.13449,-0.23504,-0.08464,0.96829
1791322169.5640,12.1810,-0.075731,-0.923275,0.365301,-0.091558,-2.91466,0.07301,2.37975,0.08589,-0.39678,0.35921,0.06913,-0.03254,-0.10259,-0.22439,-0.07295,0.97176